id,nome,sobrenome,email,valor_pedido,data_pedido,tipo_cc,id_ip
1,Aleksandr,Crighton,acrighton0@instagram.com,$71.31,2021-08-21 14:18:35,jcb,1
2,Tad,Arangy,tarangy1@studiopress.com,$28.12,2021-10-28 22:44:27,maestro,2
3,Wake,Samart,wsamart2@ning.com,$148.18,2022-06-26 22:33:37,visa-electron,3
4,Svend,Morfell,smorfell3@arizona.edu,$148.74,2021-12-23 15:19:03,jcb,4
5,Phoebe,Wealthall,pwealthall4@smugmug.com,$146.84,2022-04-16 23:08:17,maestro,5
6,Sayre,Ashbey,sashbey5@google.com.hk,$118.62,2022-06-14 22:24:33,jcb,6
7,Dun,Breens,dbreens6@seattletimes.com,$136.92,2021-09-24 17:54:06,visa-electron,7
8,Reine,Noakes,rnoakes7@nbcnews.com,$53.63,2022-04-01 04:13:58,bankcard,8
9,Flossy,Raynton,fraynton8@telegraph.co.uk,$144.20,2021-09-10 23:26:33,jcb,9
10,Marjie,Errington,merrington9@unicef.org,$87.56,2021-12-18 00:34:57,americanexpress,10
11,Albrecht,Brood,abrooda@hexun.com,$70.54,2021-11-18 09:33:16,diners-club-international,11
12,Katrina,Crim,kcrimb@hugedomains.com,$56.41,2022-05-23 06:39:36,bankcard,12
13,Jaquenetta,Theaker,jtheakerc@yelp.com,$19.67,2021-09-03 08:54:36,jcb,13
14,Brennen,Pauwel,bpauweld@reference.com,$15.71,2022-01-31 02:23:48,jcb,14
15,Corty,Northcliffe,cnorthcliffee@fc2.com,$17.00,2021-12-27 08:37:12,maestro,15
16,Loise,Ryhorovich,lryhorovichf@baidu.com,$113.88,2021-10-26 07:23:20,maestro,16
17,Mozelle,Laurand,mlaurandg@arstechnica.com,$134.56,2022-07-23 22:46:50,jcb,17
18,Fitzgerald,Sworder,fsworderh@mlb.com,$140.55,2021-09-01 10:14:28,jcb,18
19,Gretna,Falconer,gfalconeri@pen.io,$108.93,2021-07-27 11:42:55,jcb,19
20,Parke,Lantiffe,plantiffej@wordpress.com,$62.48,2022-02-02 09:42:27,jcb,20
21,Ber,Cock,bcockk@usa.gov,$137.14,2021-10-29 12:39:52,mastercard,21
22,Maddy,Jossel,mjossell@elegantthemes.com,$77.83,2022-01-17 17:30:11,jcb,22
23,Baryram,Yakubovich,byakubovichm@aboutads.info,$50.13,2022-05-05 06:21:48,bankcard,23
24,Emmy,Tarn,etarnn@dropbox.com,$71.22,2022-07-07 15:34:59,diners-club-international,24
25,Brittne,Abisetti,babisettio@storify.com,$89.76,2021-09-25 05:53:14,instapayment,25
26,Olvan,Sheerman,osheermanp@google.de,$65.68,2021-10-25 18:01:27,china-unionpay,26
27,Hilde,Mardee,hmardeeq@ameblo.jp,$138.94,2022-07-09 05:29:45,visa,27
28,Manolo,Challicombe,mchallicomber@webnode.com,$50.59,2022-03-14 19:41:56,jcb,28
29,Rani,Couvert,rcouverts@lycos.com,$105.34,2021-09-21 01:10:03,diners-club-us-ca,29
30,Bevin,Wakes,bwakest@smugmug.com,$121.34,2022-01-07 12:42:23,jcb,30
31,Birch,Brenstuhl,bbrenstuhlu@fda.gov,$138.07,2022-01-13 08:54:59,visa-electron,31
32,Ronnie,Galvan,rgalvanv@forbes.com,$119.91,2022-02-14 20:48:25,americanexpress,32
33,Stacee,Ducastel,sducastelw@lulu.com,$145.05,2022-05-19 06:25:03,maestro,33
34,Merna,Colcomb,mcolcombx@wordpress.com,$100.19,2022-06-16 18:19:16,jcb,34
35,Antonina,Codd,acoddy@yelp.com,$92.48,2021-11-24 13:31:47,mastercard,35
36,Yevette,Mabon,ymabonz@domainmarket.com,$45.44,2022-05-14 05:39:16,china-unionpay,36
37,Pauly,Heinl,pheinl10@craigslist.org,$131.51,2021-10-25 13:16:48,mastercard,37
38,Sarajane,Rutter,srutter11@cbslocal.com,$88.09,2021-11-28 04:26:39,china-unionpay,38
39,Jeremiah,Summerscales,jsummerscales12@blogs.com,$132.78,2021-08-24 01:05:07,diners-club-carte-blanche,39
40,Jori,Bannester,jbannester13@twitter.com,$61.31,2022-07-04 08:15:20,jcb,40
41,Bathsheba,Hoyle,bhoyle14@pcworld.com,$40.89,2021-10-20 23:04:54,jcb,41
42,Zarla,Horsey,zhorsey15@npr.org,$139.06,2022-02-09 12:19:16,jcb,42
43,Zach,Etherton,zetherton16@list-manage.com,$65.92,2022-05-26 10:45:35,jcb,43
44,Vassily,Brimble,vbrimble17@reference.com,$17.81,2022-03-14 15:49:36,china-unionpay,44
45,Collin,Blanket,cblanket18@usda.gov,$56.95,2021-07-27 21:59:26,bankcard,45
46,Rubie,Trumper,rtrumper19@cnet.com,$19.21,2022-03-10 07:48:12,china-unionpay,46
47,Karla,Kernar,kkernar1a@hexun.com,$118.27,2021-11-15 10:29:47,jcb,47
48,Kalila,Ilyushkin,kilyushkin1b@indiatimes.com,$68.17,2022-02-26 06:14:14,mastercard,48
49,Hurlee,Wooland,hwooland1c@pinterest.com,$85.35,2022-04-08 10:12:28,diners-club-enroute,49
50,Ignacius,Goddman,igoddman1d@geocities.jp,$87.53,2022-07-06 23:21:27,diners-club-enroute,50
51,Susi,McNirlan,smcnirlan1e@people.com.cn,$61.54,2022-03-07 01:45:26,jcb,51
52,Norbie,Nowell,nnowell1f@sciencedaily.com,$131.99,2021-10-05 14:27:30,americanexpress,52
53,Amery,Berget,aberget1g@mayoclinic.com,$15.44,2021-09-21 10:01:46,jcb,53
54,Codee,Jimmes,cjimmes1h@hao123.com,$41.79,2022-07-08 17:45:58,jcb,54
55,Mariquilla,Panchen,mpanchen1i@spiegel.de,$30.66,2021-11-05 08:10:54,jcb,55
56,Alfie,Jovicic,ajovicic1j@issuu.com,$130.56,2021-08-30 11:24:26,china-unionpay,56
57,Mia,Predohl,mpredohl1k@live.com,$42.94,2022-06-03 21:15:05,mastercard,57
58,Eirena,Welfare,ewelfare1l@icq.com,$44.66,2022-03-20 04:18:06,jcb,58
59,Taffy,Pengelley,tpengelley1m@parallels.com,$47.51,2021-08-29 12:09:32,china-unionpay,59
60,Carrissa,Yoselevitch,cyoselevitch1n@blogs.com,$75.80,2021-12-26 18:16:48,jcb,60
61,Benedick,Stiles,bstiles1o@typepad.com,$85.54,2021-09-13 11:22:46,solo,61
62,Tanya,Lindenfeld,tlindenfeld1p@privacy.gov.au,$144.08,2022-04-05 15:13:09,jcb,62
63,Carney,Radbourne,cradbourne1q@merriam-webster.com,$100.06,2022-03-28 17:41:02,jcb,63
64,Bob,Kief,bkief1r@dagondesign.com,$87.66,2021-11-29 20:28:10,mastercard,64
65,Erie,O'Finan,eofinan1s@ocn.ne.jp,$119.54,2021-09-12 20:33:38,mastercard,65
66,Winston,Sloper,wsloper1t@fotki.com,$146.88,2021-10-17 04:14:00,jcb,66
67,Bartolemo,Linskill,blinskill1u@moonfruit.com,$89.59,2021-09-19 23:45:21,mastercard,67
68,Briney,Langdale,blangdale1v@multiply.com,$80.59,2021-10-16 22:44:09,maestro,68
69,Myron,Riddall,mriddall1w@is.gd,$149.87,2022-07-01 14:46:57,visa-electron,69
70,Jacklyn,MacCleod,jmaccleod1x@yolasite.com,$39.17,2022-01-10 03:27:08,visa,70
71,Rutter,Bouch,rbouch1y@ucsd.edu,$131.36,2022-02-27 07:10:56,bankcard,71
72,Gusella,Excell,gexcell1z@hatena.ne.jp,$128.83,2021-07-31 23:07:29,jcb,72
73,Caresse,Hundey,chundey20@nhs.uk,$64.63,2022-03-20 14:24:23,jcb,73
74,Urban,Sheron,usheron21@privacy.gov.au,$29.40,2022-05-01 02:46:16,jcb,74
75,Vivyanne,Dyke,vdyke22@cpanel.net,$73.66,2022-01-17 21:26:13,switch,75
76,Benny,Punyer,bpunyer23@hp.com,$90.87,2021-08-24 21:01:04,jcb,76
77,Mellicent,Christian,mchristian24@diigo.com,$36.58,2021-11-27 11:50:35,jcb,77
78,Victoria,Joyce,vjoyce25@whitehouse.gov,$19.96,2022-01-25 15:22:13,jcb,78
79,Cassondra,Camidge,ccamidge26@buzzfeed.com,$91.52,2021-12-04 08:21:48,visa-electron,79
80,Hollyanne,Calverley,hcalverley27@tripadvisor.com,$62.94,2022-01-13 00:31:47,visa-electron,80
81,Mariquilla,Breens,mbreens28@spiegel.de,$29.50,2021-12-19 21:15:20,jcb,81
82,Thaine,Dobson,tdobson29@accuweather.com,$117.66,2022-05-31 22:43:36,jcb,82
83,Addy,Ackred,aackred2a@nps.gov,$32.13,2021-11-20 01:05:17,jcb,83
84,Scarface,Boumphrey,sboumphrey2b@so-net.ne.jp,$141.11,2022-05-16 08:55:50,jcb,84
85,Phylis,Bauduin,pbauduin2c@omniture.com,$69.04,2021-10-07 07:59:27,bankcard,85
86,Christian,Blest,cblest2d@bigcartel.com,$46.74,2021-08-28 18:56:36,switch,86
87,Ernesta,Yakushkev,eyakushkev2e@constantcontact.com,$113.10,2021-10-15 02:07:50,switch,87
88,Cyrus,Broom,cbroom2f@weibo.com,$37.64,2021-10-23 00:45:45,americanexpress,88
89,Marylinda,Garham,mgarham2g@163.com,$29.19,2021-11-30 03:52:31,jcb,89
90,Alphonse,Bestman,abestman2h@time.com,$147.07,2021-12-03 16:20:53,diners-club-carte-blanche,90
91,Holden,Whawell,hwhawell2i@oaic.gov.au,$76.54,2021-12-02 13:27:55,jcb,91
92,Rollins,Kester,rkester2j@amazon.de,$53.13,2022-03-27 23:40:19,visa-electron,92
93,Farlie,Morant,fmorant2k@vistaprint.com,$73.68,2022-02-17 02:39:14,switch,93
94,Emelen,Danniell,edanniell2l@trellian.com,$111.79,2022-07-01 09:00:03,instapayment,94
95,Truda,Cheak,tcheak2m@cisco.com,$86.77,2021-12-02 01:40:13,maestro,95
96,Niel,Carlone,ncarlone2n@google.ca,$102.32,2021-12-08 16:04:23,jcb,96
97,Timofei,Manuely,tmanuely2o@taobao.com,$101.16,2022-05-26 01:18:50,americanexpress,97
98,Hestia,Boosey,hboosey2p@home.pl,$141.78,2022-02-17 15:08:47,visa-electron,98
99,Chickie,Penylton,cpenylton2q@t-online.de,$44.11,2022-03-16 09:57:28,jcb,99
100,Pavia,felip,pfelip2r@sbwire.com,$48.67,2021-10-20 23:57:43,china-unionpay,100
101,Arney,Le feuvre,alefeuvre2s@hugedomains.com,$76.83,2022-04-21 23:03:51,solo,101
102,Corney,Hennington,chennington2t@vkontakte.ru,$139.06,2021-09-22 02:07:41,jcb,102
103,Rafaellle,Branford,rbranford2u@diigo.com,$60.27,2022-01-08 11:01:50,jcb,103
104,Manuel,Marris,mmarris2v@eventbrite.com,$72.84,2021-10-20 19:33:59,jcb,104
105,Sheree,Rounsefell,srounsefell2w@sfgate.com,$56.46,2021-09-13 17:54:01,laser,105
106,Andreana,Storrah,astorrah2x@wunderground.com,$32.41,2021-12-28 03:42:32,visa-electron,106
107,Hagan,Quartermaine,hquartermaine2y@dedecms.com,$137.22,2021-11-09 04:59:41,maestro,107
108,Gerhardine,Sabatini,gsabatini2z@rediff.com,$84.89,2022-06-26 14:41:29,jcb,108
109,Liliane,Bockin,lbockin30@wikimedia.org,$16.47,2022-01-02 11:40:28,jcb,109
110,Sandie,Connealy,sconnealy31@studiopress.com,$99.77,2022-04-27 18:14:42,china-unionpay,110
111,Marena,Chessman,mchessman32@cornell.edu,$36.32,2022-03-18 02:06:19,maestro,111
112,Ezequiel,Kunzler,ekunzler33@unesco.org,$101.44,2022-03-12 10:04:16,jcb,112
113,Bird,Dumblton,bdumblton34@timesonline.co.uk,$16.78,2022-07-10 15:50:57,laser,113
114,Marys,Luttger,mluttger35@hud.gov,$116.59,2021-09-29 01:22:38,jcb,114
115,Sid,Rammell,srammell36@ezinearticles.com,$48.02,2022-02-05 09:57:18,americanexpress,115
116,Cad,Dohr,cdohr37@alibaba.com,$33.35,2022-02-20 04:06:33,jcb,116
117,Harlen,Battabee,hbattabee38@weebly.com,$116.81,2022-07-26 17:09:52,mastercard,117
118,Fionna,Thurgood,fthurgood39@guardian.co.uk,$24.38,2022-02-18 23:26:16,china-unionpay,118
119,Wilton,McElane,wmcelane3a@networksolutions.com,$67.26,2021-10-18 04:54:43,jcb,119
120,Shaw,Slegg,sslegg3b@nhs.uk,$58.66,2021-08-01 15:01:12,visa-electron,120
121,Arlin,Vango,avango3c@pbs.org,$89.51,2022-05-29 03:22:15,jcb,121
122,Melodee,Balmforth,mbalmforth3d@census.gov,$97.74,2022-01-16 21:00:33,diners-club-enroute,122
123,Gil,Patey,gpatey3e@howstuffworks.com,$25.08,2021-12-06 06:20:39,jcb,123
124,Powell,Dilley,pdilley3f@answers.com,$65.35,2022-03-02 09:29:04,maestro,124
125,Rouvin,Cominello,rcominello3g@dailymail.co.uk,$77.69,2022-03-28 10:44:40,switch,125
126,Jaye,Sneden,jsneden3h@eventbrite.com,$75.57,2022-01-03 13:51:31,switch,126
127,Iona,Farrier,ifarrier3i@google.it,$104.50,2022-03-27 14:10:34,switch,127
128,Zachery,Wearn,zwearn3j@spiegel.de,$35.31,2022-05-13 18:19:19,jcb,128
129,Torrence,Kettlesting,tkettlesting3k@shop-pro.jp,$93.26,2022-07-08 18:23:26,jcb,129
130,Constantine,Boshard,cboshard3l@weather.com,$81.65,2022-07-03 05:16:48,maestro,130
131,Gordon,Slocomb,gslocomb3m@slideshare.net,$94.52,2022-07-05 03:29:09,mastercard,131
132,Demetri,Azam,dazam3n@blogtalkradio.com,$57.72,2021-09-13 09:01:47,switch,132
133,Sidney,Ceresa,sceresa3o@guardian.co.uk,$74.55,2022-01-03 20:52:28,switch,133
134,Hesther,Doneld,hdoneld3p@thetimes.co.uk,$92.38,2021-11-01 08:36:04,diners-club-carte-blanche,134
135,Herschel,Lahive,hlahive3q@wikipedia.org,$64.58,2022-07-03 03:18:31,china-unionpay,135
136,Cassandra,Lyste,clyste3r@deliciousdays.com,$91.17,2021-08-06 22:31:05,mastercard,136
137,Sibelle,Simon,ssimon3s@blogtalkradio.com,$94.78,2021-10-11 18:21:48,switch,137
138,Alister,Hedworth,ahedworth3t@example.com,$135.59,2022-05-17 22:11:49,jcb,138
139,Emmery,Warby,ewarby3u@twitter.com,$78.80,2022-05-29 02:22:06,laser,139
140,Jeff,Gronowe,jgronowe3v@fastcompany.com,$25.04,2022-04-28 19:01:40,jcb,140
141,Jarrett,Berkely,jberkely3w@tmall.com,$107.04,2021-12-13 00:34:18,visa,141
142,Mable,Macvey,mmacvey3x@admin.ch,$41.48,2022-05-30 10:16:39,jcb,142
143,Hakim,Buten,hbuten3y@nasa.gov,$131.63,2022-02-08 01:57:16,jcb,143
144,Brocky,Crosscombe,bcrosscombe3z@yolasite.com,$79.00,2021-10-27 19:29:10,jcb,144
145,Beverlie,Tomaszewski,btomaszewski40@chronoengine.com,$35.81,2021-12-27 16:31:00,jcb,145
146,Jesselyn,Panyer,jpanyer41@themeforest.net,$130.38,2022-07-04 08:48:54,bankcard,146
147,Asia,Dillingston,adillingston42@vistaprint.com,$23.98,2022-03-13 00:45:48,jcb,147
148,Field,Henworth,fhenworth43@deliciousdays.com,$91.11,2021-12-02 00:54:15,jcb,148
149,Caye,Horsey,chorsey44@independent.co.uk,$92.48,2021-10-08 06:46:02,maestro,149
150,Elle,Nappin,enappin45@imageshack.us,$86.86,2021-08-18 03:42:34,diners-club-enroute,150
151,Findlay,Patise,fpatise46@marriott.com,$76.23,2021-10-24 06:55:55,diners-club-enroute,151
152,Valentin,Staterfield,vstaterfield47@godaddy.com,$55.00,2021-12-16 20:31:48,laser,152
153,Nolie,Lindup,nlindup48@vkontakte.ru,$149.39,2022-05-24 19:03:12,china-unionpay,153
154,Tibold,Skerman,tskerman49@merriam-webster.com,$87.71,2021-09-28 12:27:04,jcb,154
155,Missy,Cadamy,mcadamy4a@harvard.edu,$90.09,2022-03-29 18:54:06,maestro,155
156,Sidoney,Bruhnke,sbruhnke4b@ycombinator.com,$32.11,2021-11-25 06:37:34,jcb,156
157,Daveta,Dubs,ddubs4c@livejournal.com,$147.31,2022-07-25 21:54:52,laser,157
158,Feodor,Friese,ffriese4d@dedecms.com,$30.10,2021-11-07 13:53:48,jcb,158
159,Jorge,Khomich,jkhomich4e@tinyurl.com,$127.05,2022-05-27 09:57:07,switch,159
160,Wylma,Shawell,wshawell4f@mac.com,$114.22,2021-08-01 23:34:04,jcb,160
161,Dorey,Seymour,dseymour4g@home.pl,$38.86,2021-08-12 12:34:17,jcb,161
162,Aggy,Richichi,arichichi4h@plala.or.jp,$107.09,2022-03-18 17:53:37,jcb,162
163,Junia,Jeannel,jjeannel4i@chicagotribune.com,$121.33,2021-10-10 21:21:10,visa-electron,163
164,Osborne,McKeaveney,omckeaveney4j@blogs.com,$73.50,2022-04-10 18:08:55,instapayment,164
165,Barnabas,Lamerton,blamerton4k@example.com,$73.11,2022-01-24 21:08:55,jcb,165
166,Karil,Vooght,kvooght4l@linkedin.com,$30.57,2021-12-22 17:56:58,jcb,166
167,Rab,Ivannikov,rivannikov4m@blogs.com,$119.22,2021-12-22 00:58:00,jcb,167
168,Reggie,Kordova,rkordova4n@dailymotion.com,$30.72,2022-01-30 06:27:31,laser,168
169,Esmaria,Kleis,ekleis4o@dailymail.co.uk,$58.48,2022-06-25 22:05:52,jcb,169
170,Gradeigh,MacParlan,gmacparlan4p@drupal.org,$127.94,2021-08-17 08:53:44,jcb,170
171,Jolyn,Marcroft,jmarcroft4q@furl.net,$62.70,2022-03-21 08:01:31,diners-club-enroute,171
172,Baillie,Johnes,bjohnes4r@merriam-webster.com,$125.25,2022-03-26 14:09:47,china-unionpay,172
173,Fidel,Tradewell,ftradewell4s@theguardian.com,$95.60,2021-07-30 12:51:52,mastercard,173
174,Irena,Lyver,ilyver4t@furl.net,$124.05,2021-10-14 22:00:17,jcb,174
175,Obadiah,Gorey,ogorey4u@ustream.tv,$45.35,2022-05-04 02:53:07,diners-club-enroute,175
176,Cobby,Wyness,cwyness4v@goo.ne.jp,$123.82,2021-09-09 01:24:56,jcb,176
177,Olimpia,Rivalland,orivalland4w@360.cn,$113.91,2022-01-11 15:35:21,jcb,177
178,Elfreda,Swatland,eswatland4x@51.la,$98.80,2022-01-29 17:01:19,jcb,178
179,Lorette,Vivian,lvivian4y@artisteer.com,$78.91,2021-07-28 07:01:38,diners-club-enroute,179
180,Cass,Chatfield,cchatfield4z@stumbleupon.com,$144.67,2022-01-11 23:08:47,visa-electron,180
181,Whit,Brabender,wbrabender50@marriott.com,$54.67,2022-01-12 06:07:13,jcb,181
182,Philippa,Barkly,pbarkly51@chronoengine.com,$148.31,2022-03-27 07:04:21,bankcard,182
183,Lynnet,Manger,lmanger52@opera.com,$100.71,2022-02-28 16:01:11,visa-electron,183
184,Joya,Rude,jrude53@indiegogo.com,$138.72,2022-01-03 17:55:54,jcb,184
185,Guenna,McKinie,gmckinie54@blog.com,$74.80,2022-03-16 07:52:34,maestro,185
186,Vonni,Melding,vmelding55@chicagotribune.com,$119.80,2022-01-07 21:42:13,mastercard,186
187,Danit,Scripture,dscripture56@wsj.com,$85.39,2021-11-01 06:20:37,diners-club-enroute,187
188,Erinn,Burrass,eburrass57@yelp.com,$106.14,2021-10-31 21:26:27,visa-electron,188
189,Michell,Brende,mbrende58@blogspot.com,$95.88,2022-03-26 20:39:31,diners-club-carte-blanche,189
190,Keri,Hilhouse,khilhouse59@odnoklassniki.ru,$74.29,2021-09-14 16:38:00,jcb,190
191,Alisun,Speechley,aspeechley5a@google.ca,$56.64,2022-05-31 03:06:36,jcb,191
192,Marena,Benoey,mbenoey5b@admin.ch,$105.02,2022-04-28 23:07:29,laser,192
193,Charlot,Smale,csmale5c@mapquest.com,$141.98,2022-04-13 12:57:09,jcb,193
194,Golda,Atmore,gatmore5d@usda.gov,$68.88,2022-02-21 20:36:47,jcb,194
195,Heath,Rubens,hrubens5e@bluehost.com,$48.82,2022-07-24 11:22:14,maestro,195
196,Druci,Gunson,dgunson5f@merriam-webster.com,$118.11,2022-07-24 07:34:26,switch,196
197,Woody,Stanners,wstanners5g@opensource.org,$116.21,2022-04-29 12:26:03,maestro,197
198,Vina,Bythway,vbythway5h@walmart.com,$131.72,2022-02-21 14:04:01,bankcard,198
199,Martie,Franzewitch,mfranzewitch5i@simplemachines.org,$86.79,2022-02-08 10:06:11,bankcard,199
200,Lynnea,Marham,lmarham5j@e-recht24.de,$138.69,2021-08-09 06:43:39,jcb,200
201,Merola,Saylor,msaylor5k@washington.edu,$57.14,2022-06-26 06:09:31,jcb,201
202,Olenolin,Corderoy,ocorderoy5l@networkadvertising.org,$22.62,2022-03-12 06:36:16,jcb,202
203,Milicent,Davidow,mdavidow5m@wp.com,$131.54,2022-05-08 09:29:14,china-unionpay,203
204,Fremont,Rosen,frosen5n@xrea.com,$88.05,2021-08-26 22:29:03,maestro,204
205,Barby,Tallet,btallet5o@theglobeandmail.com,$32.52,2022-03-31 11:29:15,jcb,205
206,Olvan,Wanderschek,owanderschek5p@slate.com,$72.17,2021-11-23 11:18:11,jcb,206
207,Maurizio,Praton,mpraton5q@shop-pro.jp,$17.22,2021-10-16 04:41:20,jcb,207
208,Jackson,Robker,jrobker5r@oakley.com,$50.57,2022-02-28 23:40:02,visa-electron,208
209,Gaylor,Hellyar,ghellyar5s@intel.com,$52.97,2022-01-09 10:34:41,mastercard,209
210,Courtenay,Bootland,cbootland5t@wikispaces.com,$30.64,2022-05-27 07:51:15,china-unionpay,210
211,Drucie,MacAvaddy,dmacavaddy5u@xing.com,$84.08,2022-02-14 10:04:44,china-unionpay,211
212,Lauren,Candwell,lcandwell5v@domainmarket.com,$34.28,2022-05-05 08:47:22,switch,212
213,Axel,Dabel,adabel5w@chicagotribune.com,$122.83,2021-08-03 16:26:00,visa,213
214,Rodrique,Kermannes,rkermannes5x@si.edu,$139.61,2022-05-31 12:25:45,mastercard,214
215,Norman,Minett,nminett5y@earthlink.net,$124.20,2021-08-27 03:00:28,jcb,215
216,Claresta,Pedrielli,cpedrielli5z@yandex.ru,$82.43,2022-03-17 14:10:19,switch,216
217,Dun,Hacksby,dhacksby60@gnu.org,$125.74,2022-03-22 12:08:58,jcb,217
218,Lydon,Hakeworth,lhakeworth61@bloglovin.com,$148.30,2022-02-15 18:22:19,jcb,218
219,Gisele,Buckell,gbuckell62@princeton.edu,$35.89,2022-04-04 07:13:53,diners-club-enroute,219
220,Konrad,Dann,kdann63@phoca.cz,$127.64,2022-05-25 07:54:38,diners-club-enroute,220
221,Aeriel,Woollends,awoollends64@plala.or.jp,$132.72,2021-09-09 16:21:40,diners-club-enroute,221
222,Billie,Trees,btrees65@bing.com,$61.89,2022-06-27 14:23:38,jcb,222
223,Doris,Micklem,dmicklem66@time.com,$67.67,2022-02-21 23:43:44,diners-club-enroute,223
224,Matthiew,O'Shee,moshee67@weibo.com,$108.74,2022-01-15 10:20:47,bankcard,224
225,Veronike,Ringe,vringe68@hp.com,$70.87,2021-11-22 23:41:12,mastercard,225
226,Chadwick,Congreave,ccongreave69@webeden.co.uk,$143.89,2022-06-12 21:20:44,americanexpress,226
227,Jojo,Riddles,jriddles6a@businesswire.com,$133.86,2022-06-28 01:21:52,jcb,227
228,Gayler,McBay,gmcbay6b@globo.com,$31.84,2022-05-05 12:17:30,jcb,228
229,Pierre,Attenburrow,pattenburrow6c@cmu.edu,$136.26,2022-04-28 17:54:34,visa,229
230,Devina,Rutter,drutter6d@cargocollective.com,$119.29,2022-05-13 06:00:48,mastercard,230
231,Shena,Detloff,sdetloff6e@about.com,$83.70,2022-05-07 14:55:17,switch,231
232,Carmelina,Huby,chuby6f@edublogs.org,$124.16,2021-09-17 00:29:54,jcb,232
233,Dorian,Scafe,dscafe6g@weebly.com,$79.32,2022-05-12 08:07:40,solo,233
234,Sib,Paulig,spaulig6h@elpais.com,$141.10,2022-05-03 13:45:37,visa-electron,234
235,Maryjane,Venables,mvenables6i@4shared.com,$124.72,2022-06-09 18:37:42,mastercard,235
236,Meryl,Alliband,malliband6j@miitbeian.gov.cn,$123.33,2021-10-09 07:24:31,bankcard,236
237,Mozelle,Goodday,mgoodday6k@biblegateway.com,$41.24,2022-03-18 13:37:57,americanexpress,237
238,Giuseppe,Ughini,gughini6l@oakley.com,$104.53,2022-02-10 12:23:57,jcb,238
239,Gennifer,O'Scannill,goscannill6m@telegraph.co.uk,$22.75,2022-06-14 14:01:21,maestro,239
240,Rancell,Mugford,rmugford6n@google.com.br,$60.88,2022-07-06 05:01:40,maestro,240
241,Brandi,Weth,bweth6o@sbwire.com,$107.07,2022-04-21 08:00:19,china-unionpay,241
242,Nerta,Martinson,nmartinson6p@google.fr,$57.46,2022-01-11 00:14:01,diners-club-international,242
243,Abbey,Benneyworth,abenneyworth6q@exblog.jp,$117.05,2021-12-26 15:21:13,jcb,243
244,Malachi,Ogle,mogle6r@zdnet.com,$44.48,2021-09-10 12:56:53,visa-electron,244
245,Perren,Vassay,pvassay6s@nyu.edu,$20.54,2022-07-23 04:39:38,jcb,245
246,Daven,Phythian,dphythian6t@infoseek.co.jp,$101.00,2022-03-02 12:46:25,mastercard,246
247,Blakelee,Clemenceau,bclemenceau6u@forbes.com,$145.19,2022-04-27 23:38:33,mastercard,247
248,Becka,Cheetam,bcheetam6v@studiopress.com,$45.20,2021-08-30 13:12:27,jcb,248
249,Hildagarde,Jerome,hjerome6w@independent.co.uk,$127.85,2021-12-22 04:44:12,instapayment,249
250,Pierre,Orrey,porrey6x@google.pl,$45.96,2021-12-09 21:25:20,mastercard,250
251,Yettie,Fullick,yfullick6y@rediff.com,$69.31,2021-10-01 02:07:02,jcb,251
252,Norah,Leyzell,nleyzell6z@prweb.com,$30.43,2022-04-06 07:06:32,jcb,252
253,Lyon,Stonhard,lstonhard70@cbslocal.com,$53.68,2021-10-30 09:21:08,jcb,253
254,Smith,Tollit,stollit71@unc.edu,$147.18,2021-10-22 04:13:37,switch,254
255,Emalia,Arminger,earminger72@webnode.com,$30.07,2022-02-20 12:21:10,visa,255
256,Tiebout,Haggerston,thaggerston73@liveinternet.ru,$96.47,2021-08-04 21:54:01,switch,256
257,Ogdon,Arnoult,oarnoult74@seattletimes.com,$107.97,2022-05-19 12:49:44,jcb,257
258,Maris,Berkeley,mberkeley75@ca.gov,$55.25,2022-01-24 16:56:05,visa-electron,258
259,Tim,Lowson,tlowson76@geocities.com,$108.45,2021-09-30 01:16:45,solo,259
260,Jessee,Albone,jalbone77@php.net,$147.16,2022-06-09 14:26:15,mastercard,260
261,Davita,Skeete,dskeete78@time.com,$126.19,2021-08-22 13:00:36,solo,261
262,Syd,Papen,spapen79@google.de,$16.06,2022-03-18 03:23:17,jcb,262
263,Bernardine,Brideaux,bbrideaux7a@umn.edu,$125.45,2022-04-08 04:03:17,jcb,263
264,Fallon,Unworth,funworth7b@answers.com,$104.47,2021-09-07 00:51:36,visa,264
265,Shayne,Blazeby,sblazeby7c@amazon.de,$120.87,2021-10-28 02:33:07,visa,265
266,Tabby,Colquete,tcolquete7d@ustream.tv,$43.26,2022-04-29 06:51:21,americanexpress,266
267,Analiese,Pllu,apllu7e@livejournal.com,$145.01,2022-03-27 11:54:57,jcb,267
268,Rosalinda,Lamswood,rlamswood7f@home.pl,$96.12,2022-02-17 23:37:44,jcb,268
269,Raye,Janout,rjanout7g@zdnet.com,$117.66,2021-09-24 15:21:55,instapayment,269
270,Nanette,Marzelli,nmarzelli7h@alexa.com,$18.74,2022-04-12 12:20:01,switch,270
271,Rhiamon,Simioni,rsimioni7i@aol.com,$117.26,2022-06-15 15:17:45,visa-electron,271
272,Thedrick,Yuryatin,tyuryatin7j@baidu.com,$58.41,2022-04-10 22:27:00,jcb,272
273,Neysa,Colchett,ncolchett7k@wufoo.com,$72.78,2022-02-17 03:42:35,jcb,273
274,Siegfried,Schelle,sschelle7l@virginia.edu,$135.55,2022-03-11 07:46:29,china-unionpay,274
275,Edmon,Reveley,ereveley7m@tuttocitta.it,$112.03,2022-01-15 07:35:01,maestro,275
276,Sig,Edgett,sedgett7n@accuweather.com,$99.81,2021-09-03 23:24:28,diners-club-enroute,276
277,Cindee,Blanchet,cblanchet7o@photobucket.com,$122.59,2021-09-03 04:58:36,visa-electron,277
278,Gabriel,Abbys,gabbys7p@cornell.edu,$37.97,2022-01-07 02:28:23,maestro,278
279,Lorna,Shearmer,lshearmer7q@hao123.com,$115.09,2022-04-26 23:15:10,instapayment,279
280,Leighton,Tewkesberrie,ltewkesberrie7r@wordpress.org,$29.40,2022-06-30 09:03:15,jcb,280
281,Dolf,Dobrowski,ddobrowski7s@vinaora.com,$95.86,2022-03-23 14:57:28,china-unionpay,281
282,Lodovico,Fields,lfields7t@freewebs.com,$21.24,2021-08-22 18:42:35,jcb,282
283,Gwennie,Johanning,gjohanning7u@pen.io,$145.78,2022-04-05 07:56:37,jcb,283
284,Giulietta,Stanlock,gstanlock7v@reverbnation.com,$42.86,2021-10-26 11:05:07,maestro,284
285,Auria,Hayle,ahayle7w@pagesperso-orange.fr,$67.00,2022-03-11 18:42:26,jcb,285
286,Antons,Peye,apeye7x@acquirethisname.com,$28.29,2022-04-30 03:00:46,americanexpress,286
287,Reid,Walling,rwalling7y@friendfeed.com,$135.91,2022-03-30 06:25:21,visa-electron,287
288,Wendye,Ridding,wridding7z@microsoft.com,$49.34,2022-03-30 17:45:34,jcb,288
289,Devlen,Worsnap,dworsnap80@unc.edu,$99.73,2021-09-21 02:46:24,jcb,289
290,Sibeal,Nussgen,snussgen81@paypal.com,$135.49,2022-06-26 23:43:09,maestro,290
291,Jamie,Aldhous,jaldhous82@slate.com,$125.07,2022-03-07 10:58:12,jcb,291
292,Veda,Brolan,vbrolan83@msu.edu,$25.48,2021-08-29 22:33:44,diners-club-us-ca,292
293,Virginie,Patnelli,vpatnelli84@reference.com,$66.00,2021-09-09 22:45:01,jcb,293
294,Inna,Desesquelle,idesesquelle85@ameblo.jp,$80.98,2022-03-05 18:09:20,solo,294
295,Nikki,Ziemke,nziemke86@google.com.hk,$131.00,2022-04-03 10:07:13,jcb,295
296,Grace,Ferrone,gferrone87@illinois.edu,$20.83,2021-11-12 11:47:54,mastercard,296
297,Ugo,Howel,uhowel88@simplemachines.org,$48.79,2022-03-05 03:43:27,jcb,297
298,Harmon,Smaridge,hsmaridge89@aboutads.info,$138.85,2021-10-09 02:30:07,jcb,298
299,Kylie,Bubear,kbubear8a@utexas.edu,$50.61,2022-04-10 18:31:10,diners-club-us-ca,299
300,Elianora,Firby,efirby8b@apache.org,$63.59,2022-03-12 11:09:49,jcb,300
301,Odo,Eldrett,oeldrett8c@sfgate.com,$89.79,2022-05-10 22:15:57,switch,301
302,Noemi,Millmore,nmillmore8d@theguardian.com,$30.84,2021-08-31 04:43:03,diners-club-international,302
303,Jennie,Highwood,jhighwood8e@wufoo.com,$132.32,2022-03-17 23:29:26,jcb,303
304,Krissie,Lickess,klickess8f@123-reg.co.uk,$36.91,2022-01-21 08:27:17,jcb,304
305,Tam,Prose,tprose8g@ucoz.com,$72.95,2022-05-20 07:50:46,jcb,305
306,Alwyn,MacKay,amackay8h@digg.com,$127.16,2022-02-15 00:34:48,jcb,306
307,Padget,Edworthie,pedworthie8i@de.vu,$39.64,2022-02-20 07:11:03,jcb,307
308,Davidde,Uman,duman8j@fc2.com,$39.21,2022-02-20 15:34:53,americanexpress,308
309,Doti,Vanichkin,dvanichkin8k@is.gd,$127.65,2021-09-12 02:19:57,maestro,309
310,Ilsa,Milliere,imilliere8l@exblog.jp,$59.88,2021-11-14 23:29:51,instapayment,310
311,Tandi,Tie,ttie8m@123-reg.co.uk,$110.64,2022-02-15 01:54:42,jcb,311
312,Fredrick,Leverich,fleverich8n@un.org,$143.01,2022-02-10 09:34:30,mastercard,312
313,Murial,Jannasch,mjannasch8o@alibaba.com,$112.13,2022-02-03 08:31:50,mastercard,313
314,Christie,Scullion,cscullion8p@myspace.com,$51.32,2022-04-20 06:22:17,jcb,314
315,Jannel,Hiddersley,jhiddersley8q@tuttocitta.it,$120.41,2022-01-18 01:18:07,americanexpress,315
316,Chiquia,Cracknell,ccracknell8r@elpais.com,$56.81,2022-04-12 04:32:21,mastercard,316
317,Lionello,Mattek,lmattek8s@slashdot.org,$55.16,2021-12-08 21:43:45,americanexpress,317
318,Marci,Orpyne,morpyne8t@noaa.gov,$54.91,2021-09-20 16:42:29,jcb,318
319,Enrika,Kilner,ekilner8u@t-online.de,$45.34,2021-10-27 20:52:23,mastercard,319
320,Guenna,Cranmer,gcranmer8v@tiny.cc,$26.53,2022-01-18 10:46:01,jcb,320
321,Percival,Bazley,pbazley8w@ask.com,$119.75,2021-07-31 13:51:15,americanexpress,321
322,Sonnnie,Blaksland,sblaksland8x@disqus.com,$90.23,2021-10-02 20:35:38,jcb,322
323,Etheline,Bellison,ebellison8y@rediff.com,$19.69,2022-04-22 00:27:50,visa,323
324,Vinson,Wimes,vwimes8z@webeden.co.uk,$82.58,2022-03-10 00:51:45,switch,324
325,Viki,Reckhouse,vreckhouse90@spotify.com,$89.88,2022-07-12 01:07:41,jcb,325
326,Roscoe,Ollis,rollis91@amazon.co.uk,$80.59,2022-06-23 10:30:45,mastercard,326
327,Inesita,Worden,iworden92@si.edu,$75.52,2022-02-09 00:32:10,jcb,327
328,Padgett,Stiller,pstiller93@multiply.com,$43.12,2022-07-22 15:13:51,mastercard,328
329,Linc,Pinxton,lpinxton94@jigsy.com,$75.61,2022-02-05 06:25:05,jcb,329
330,Matt,Chancelier,mchancelier95@shinystat.com,$145.83,2022-01-08 17:05:27,visa-electron,330
331,Elnore,Egel,eegel96@feedburner.com,$125.27,2021-10-14 15:59:22,diners-club-enroute,331
332,Honey,Collip,hcollip97@networkadvertising.org,$23.25,2022-04-20 10:27:17,diners-club-enroute,332
333,Manda,Downs,mdowns98@cbc.ca,$39.04,2022-07-05 07:53:44,solo,333
334,Philippa,Finey,pfiney99@scientificamerican.com,$88.05,2022-06-07 20:03:03,jcb,334
335,Claiborne,Pierrepont,cpierrepont9a@irs.gov,$108.11,2022-04-12 21:31:53,jcb,335
336,Lisabeth,Bricket,lbricket9b@php.net,$73.34,2021-08-07 15:48:28,jcb,336
337,Dougy,Quare,dquare9c@ebay.com,$26.42,2022-07-20 00:40:25,jcb,337
338,Timotheus,Yateman,tyateman9d@pen.io,$42.28,2022-06-30 11:31:11,maestro,338
339,Hilarius,Prine,hprine9e@prweb.com,$86.77,2022-06-04 17:05:10,jcb,339
340,Freddie,Greenhouse,fgreenhouse9f@wisc.edu,$81.39,2022-05-27 10:28:57,jcb,340
341,Patience,Giacopini,pgiacopini9g@barnesandnoble.com,$106.40,2021-11-06 04:18:42,jcb,341
342,Lily,Harston,lharston9h@ihg.com,$36.88,2022-03-04 17:18:27,americanexpress,342
343,Mandel,Kumar,mkumar9i@addthis.com,$47.44,2022-03-28 21:54:19,jcb,343
344,Meris,Meth,mmeth9j@adobe.com,$63.26,2022-01-10 10:15:09,jcb,344
345,Enrique,Capelow,ecapelow9k@va.gov,$144.64,2021-12-10 20:24:29,jcb,345
346,Gay,Cayette,gcayette9l@bloglovin.com,$22.11,2021-11-15 01:13:05,diners-club-enroute,346
347,Roana,Quennell,rquennell9m@paginegialle.it,$15.28,2022-04-19 13:08:40,bankcard,347
348,Brnaba,Easterbrook,beasterbrook9n@columbia.edu,$41.38,2022-06-27 04:52:40,jcb,348
349,Pauletta,Elkington,pelkington9o@home.pl,$121.19,2022-05-17 10:19:28,jcb,349
350,Gilli,Speir,gspeir9p@over-blog.com,$50.81,2021-08-03 05:56:35,jcb,350
351,Sela,Kirby,skirby9q@accuweather.com,$75.72,2022-05-15 05:01:41,maestro,351
352,Marlie,Iley,miley9r@macromedia.com,$40.88,2021-08-16 18:22:20,switch,352
353,Franny,Blankett,fblankett9s@washingtonpost.com,$99.55,2022-03-28 17:46:15,maestro,353
354,Danica,Arenson,darenson9t@craigslist.org,$141.39,2022-04-10 00:53:47,bankcard,354
355,Shelby,Kos,skos9u@about.me,$107.80,2022-05-18 08:20:23,jcb,355
356,Loleta,Davidman,ldavidman9v@ucla.edu,$113.97,2022-06-01 02:49:55,jcb,356
357,Margery,Walsh,mwalsh9w@facebook.com,$16.74,2021-12-04 19:43:32,jcb,357
358,Alonso,Commusso,acommusso9x@parallels.com,$143.01,2021-10-16 10:45:59,china-unionpay,358
359,Hollis,Arnaez,harnaez9y@cbslocal.com,$69.64,2021-08-18 03:58:26,jcb,359
360,Kass,O' Quirk,koquirk9z@com.com,$110.67,2022-02-06 20:31:48,diners-club-carte-blanche,360
361,Bertie,Wichard,bwicharda0@homestead.com,$115.37,2022-06-17 20:50:36,diners-club-enroute,361
362,Shandee,Gillibrand,sgillibranda1@desdev.cn,$26.12,2021-09-13 02:07:07,diners-club-carte-blanche,362
363,Gerry,Griffey,ggriffeya2@woothemes.com,$62.10,2022-06-01 01:32:16,china-unionpay,363
364,Baxy,McKimm,bmckimma3@earthlink.net,$111.52,2022-04-09 03:33:19,visa,364
365,Izaak,Guinane,iguinanea4@xinhuanet.com,$43.99,2022-05-31 22:22:53,diners-club-enroute,365
366,Dorine,Moylan,dmoylana5@jiathis.com,$118.45,2022-07-23 18:28:58,jcb,366
367,Fielding,Philpots,fphilpotsa6@biblegateway.com,$65.45,2021-11-28 02:58:24,americanexpress,367
368,Zachariah,Bowditch,zbowditcha7@spotify.com,$109.79,2021-09-12 04:54:53,switch,368
369,Gusella,Spearing,gspearinga8@toplist.cz,$69.69,2022-05-25 19:42:29,americanexpress,369
370,Lindsay,Antonelli,lantonellia9@yellowbook.com,$39.98,2022-03-24 09:33:09,americanexpress,370
371,Egbert,Belchem,ebelchemaa@csmonitor.com,$140.45,2022-03-30 05:13:48,jcb,371
372,Chicky,Coupe,ccoupeab@baidu.com,$135.00,2021-11-24 01:19:04,jcb,372
373,Brunhilde,Casiroli,bcasiroliac@yandex.ru,$141.77,2022-03-10 06:53:47,jcb,373
374,Nicolina,Slidders,nsliddersad@diigo.com,$17.16,2022-04-26 14:20:58,switch,374
375,Eleonore,Hansen,ehansenae@angelfire.com,$131.44,2022-04-14 23:16:16,switch,375
376,Chloette,Edelmann,cedelmannaf@instagram.com,$30.75,2022-05-09 15:12:35,americanexpress,376
377,Web,Glasman,wglasmanag@myspace.com,$59.05,2022-04-16 19:15:15,laser,377
378,Wallace,Burgwin,wburgwinah@epa.gov,$60.51,2021-11-19 00:09:58,jcb,378
379,Simon,Defont,sdefontai@dailymail.co.uk,$55.35,2021-10-28 18:28:59,china-unionpay,379
380,Allyson,Dunsford,adunsfordaj@umn.edu,$87.27,2022-03-09 23:50:35,china-unionpay,380
381,Aubrey,Booth,aboothak@nymag.com,$38.74,2022-03-02 12:55:42,maestro,381
382,Boyd,Harvison,bharvisonal@mail.ru,$118.71,2022-05-19 14:45:01,diners-club-enroute,382
383,Humfrid,Tague,htagueam@networksolutions.com,$120.16,2021-08-23 10:09:04,switch,383
384,Silvana,Coote,scootean@bbc.co.uk,$128.12,2022-02-03 19:14:54,jcb,384
385,Jannel,McMychem,jmcmychemao@alexa.com,$68.90,2021-09-21 04:26:46,jcb,385
386,Malachi,Huckster,mhucksterap@virginia.edu,$37.74,2021-10-15 05:45:06,mastercard,386
387,Roby,Gabriely,rgabrielyaq@mtv.com,$111.35,2022-04-04 15:59:57,instapayment,387
388,Karon,Remington,kremingtonar@etsy.com,$39.08,2022-02-21 10:48:32,laser,388
389,Boone,Jaouen,bjaouenas@infoseek.co.jp,$103.62,2022-07-21 04:56:42,diners-club-enroute,389
390,Rubie,Tompkin,rtompkinat@bandcamp.com,$17.78,2022-03-02 05:03:35,jcb,390
391,Cirillo,Creedland,ccreedlandau@wufoo.com,$29.45,2022-06-13 04:53:29,jcb,391
392,Wylma,Dumbarton,wdumbartonav@lulu.com,$142.71,2022-01-31 02:10:58,jcb,392
393,Ema,Siggins,esigginsaw@spiegel.de,$80.33,2022-06-11 14:24:56,maestro,393
394,Hinze,Estable,hestableax@edublogs.org,$125.07,2022-04-26 21:36:10,maestro,394
395,Alvis,Querrard,aquerrarday@nbcnews.com,$54.44,2022-02-14 12:28:34,jcb,395
396,Bradly,Mityashin,bmityashinaz@skype.com,$130.15,2022-07-21 08:29:51,jcb,396
397,Hewitt,Morch,hmorchb0@cyberchimps.com,$30.86,2022-01-03 20:31:39,mastercard,397
398,Ernst,Basili,ebasilib1@shinystat.com,$92.24,2022-01-20 15:21:41,jcb,398
399,Gaile,Sunman,gsunmanb2@addthis.com,$26.06,2022-04-28 02:18:30,diners-club-carte-blanche,399
400,Ariela,De Blasi,adeblasib3@tinyurl.com,$19.12,2021-09-21 00:40:02,mastercard,400
401,Taylor,Benoix,tbenoixb4@vinaora.com,$35.68,2022-06-20 06:49:46,maestro,401
402,Claudie,Cinelli,ccinellib5@theguardian.com,$134.30,2022-07-03 22:45:50,visa,402
403,Lynna,Cranston,lcranstonb6@51.la,$132.13,2021-12-22 04:21:12,jcb,403
404,Leah,Derrell,lderrellb7@aol.com,$60.09,2021-09-21 14:46:24,jcb,404
405,Alejandro,Sherwood,asherwoodb8@sbwire.com,$104.66,2021-12-19 06:10:50,jcb,405
406,Penn,Dinnies,pdinniesb9@aboutads.info,$129.83,2021-09-08 22:59:18,jcb,406
407,Sibilla,Measom,smeasomba@gnu.org,$110.51,2022-06-19 17:54:30,jcb,407
408,Ginger,Isham,gishambb@istockphoto.com,$147.28,2021-08-25 11:15:14,bankcard,408
409,Gavan,Ansley,gansleybc@plala.or.jp,$143.13,2021-12-20 18:00:23,china-unionpay,409
410,Shurlock,Doumerque,sdoumerquebd@eepurl.com,$118.30,2021-09-13 23:36:23,mastercard,410
411,Asia,Thornally,athornallybe@kickstarter.com,$131.07,2022-01-14 03:18:53,mastercard,411
412,Odelinda,De Carolis,odecarolisbf@github.com,$120.59,2022-03-10 05:07:27,diners-club-carte-blanche,412
413,Olga,Slorance,oslorancebg@digg.com,$53.05,2022-07-01 15:57:20,jcb,413
414,Tabbatha,Fernyhough,tfernyhoughbh@twitter.com,$117.70,2021-09-28 14:20:50,solo,414
415,Kiele,Giles,kgilesbi@senate.gov,$143.07,2021-10-08 20:24:26,jcb,415
416,Iorgos,Whalley,iwhalleybj@washington.edu,$110.29,2022-06-05 07:33:35,mastercard,416
417,Kristopher,Whitehorne,kwhitehornebk@vinaora.com,$114.14,2021-08-14 05:12:31,jcb,417
418,Kathye,Leftwich,kleftwichbl@wisc.edu,$44.29,2021-09-02 07:47:32,americanexpress,418
419,Noach,Kilford,nkilfordbm@delicious.com,$29.33,2022-05-17 18:32:25,jcb,419
420,Merill,Witch,mwitchbn@nps.gov,$83.99,2021-10-16 05:45:33,jcb,420
421,Neda,Brislane,nbrislanebo@dedecms.com,$37.85,2022-07-19 11:52:30,jcb,421
422,Karney,Turn,kturnbp@nyu.edu,$96.03,2022-05-13 06:05:05,mastercard,422
423,Randy,Westgate,rwestgatebq@usa.gov,$25.35,2022-04-11 20:52:33,jcb,423
424,Neala,Grigson,ngrigsonbr@thetimes.co.uk,$122.67,2021-12-22 10:12:50,jcb,424
425,Johnath,Hanner,jhannerbs@examiner.com,$42.97,2021-09-10 02:55:28,jcb,425
426,Tanny,Ungerer,tungererbt@answers.com,$124.17,2022-04-02 21:40:05,jcb,426
427,Madelene,Valett,mvalettbu@google.cn,$127.81,2021-12-06 07:40:33,americanexpress,427
428,Ches,Mackelworth,cmackelworthbv@myspace.com,$108.67,2021-08-17 04:10:12,jcb,428
429,Carlie,Osgar,cosgarbw@google.ca,$145.63,2022-05-03 06:59:24,mastercard,429
430,Linnet,Cleave,lcleavebx@kickstarter.com,$111.03,2022-07-26 00:09:55,jcb,430
431,Marylee,Pummery,mpummeryby@ftc.gov,$33.39,2021-12-07 03:29:34,jcb,431
432,Brandon,Wray,bwraybz@github.com,$51.72,2021-10-25 04:23:08,jcb,432
433,Hedwig,Bogey,hbogeyc0@phoca.cz,$91.59,2022-03-17 11:32:02,jcb,433
434,Zerk,Growden,zgrowdenc1@upenn.edu,$112.75,2021-07-29 01:37:04,jcb,434
435,Coleman,Crumbleholme,ccrumbleholmec2@home.pl,$90.27,2022-07-15 21:48:40,switch,435
436,Pierre,Folkerts,pfolkertsc3@army.mil,$58.77,2022-05-01 18:32:28,china-unionpay,436
437,Winnie,Nibley,wnibleyc4@mediafire.com,$80.46,2021-08-14 08:06:00,jcb,437
438,Giovanna,Gadesby,ggadesbyc5@wikia.com,$18.95,2022-07-04 00:57:01,maestro,438
439,Lianna,Dahlbom,ldahlbomc6@sogou.com,$136.71,2022-07-24 17:50:27,maestro,439
440,Claire,Skyme,cskymec7@hao123.com,$146.58,2021-08-10 10:49:22,jcb,440
441,Sonja,Annon,sannonc8@google.it,$19.10,2021-09-28 01:50:47,maestro,441
442,Faustine,Bengal,fbengalc9@tinypic.com,$66.39,2022-05-23 12:07:42,jcb,442
443,Mandi,Motto,mmottoca@lulu.com,$137.79,2021-08-21 01:37:21,jcb,443
444,Chaddie,Keld,ckeldcb@nydailynews.com,$112.90,2021-12-16 12:00:59,americanexpress,444
445,Lorelle,Fuge,lfugecc@mozilla.org,$95.51,2022-07-14 02:03:29,mastercard,445
446,Gertrude,Vanyutin,gvanyutincd@cyberchimps.com,$61.87,2022-04-24 10:47:19,diners-club-carte-blanche,446
447,Laughton,Crickmer,lcrickmerce@netlog.com,$36.23,2021-12-17 14:09:26,china-unionpay,447
448,Raf,Cobbledick,rcobbledickcf@creativecommons.org,$52.19,2022-01-30 15:44:13,visa-electron,448
449,Jeromy,Caddens,jcaddenscg@wisc.edu,$129.90,2021-12-08 01:29:27,laser,449
450,Feodora,Saker,fsakerch@mapquest.com,$118.63,2022-02-27 05:10:40,jcb,450
451,Giusto,Sains,gsainsci@deliciousdays.com,$72.27,2021-12-05 12:12:19,diners-club-carte-blanche,451
452,Arleyne,Gricks,agrickscj@odnoklassniki.ru,$98.68,2021-12-16 16:10:32,jcb,452
453,Eydie,Barber,ebarberck@newyorker.com,$64.57,2021-10-23 03:52:59,mastercard,453
454,Gill,Riditch,griditchcl@yahoo.com,$129.02,2022-03-03 20:30:28,maestro,454
455,Yankee,Ledster,yledstercm@biblegateway.com,$30.86,2022-04-12 15:50:00,mastercard,455
456,Boniface,Pargiter,bpargitercn@google.it,$122.59,2021-12-25 08:28:11,jcb,456
457,Calv,Clinch,cclinchco@yelp.com,$135.19,2022-01-20 02:37:59,mastercard,457
458,Hanni,Myner,hmynercp@wikia.com,$46.68,2022-06-13 01:17:41,diners-club-carte-blanche,458
459,Dannie,Langer,dlangercq@redcross.org,$69.37,2021-08-07 12:03:57,diners-club-enroute,459
460,Morey,Tretter,mtrettercr@theguardian.com,$120.42,2022-03-21 20:02:03,jcb,460
461,Toni,Sawforde,tsawfordecs@scientificamerican.com,$55.60,2021-11-30 13:56:10,maestro,461
462,Lainey,Denk,ldenkct@histats.com,$48.63,2022-06-13 09:05:06,jcb,462
463,Oren,Coat,ocoatcu@dion.ne.jp,$132.27,2022-04-12 16:40:30,jcb,463
464,Meghann,Toulamain,mtoulamaincv@baidu.com,$44.58,2022-03-14 16:37:02,jcb,464
465,Jemmie,Tranckle,jtrancklecw@businessinsider.com,$119.16,2022-03-19 13:43:41,china-unionpay,465
466,Margarita,Tidball,mtidballcx@xinhuanet.com,$22.89,2022-01-14 21:44:26,mastercard,466
467,Adrianne,Danser,adansercy@jiathis.com,$83.82,2021-10-13 09:22:50,jcb,467
468,Amabel,Karpenko,akarpenkocz@forbes.com,$139.49,2022-06-23 14:47:21,jcb,468
469,Antons,Hornbuckle,ahornbuckled0@mit.edu,$109.77,2022-06-10 18:31:28,americanexpress,469
470,Ozzy,Dewen,odewend1@moonfruit.com,$25.37,2021-10-18 11:51:07,visa,470
471,Larisa,Glavis,lglavisd2@webnode.com,$112.06,2021-12-29 15:49:27,jcb,471
472,Elianore,Appleton,eappletond3@google.nl,$31.55,2022-04-08 17:14:33,jcb,472
473,Christoffer,Morfell,cmorfelld4@spiegel.de,$118.55,2022-05-25 12:53:41,switch,473
474,Kelly,Wardroper,kwardroperd5@g.co,$99.84,2022-05-28 13:18:01,jcb,474
475,Annice,Hurren,ahurrend6@godaddy.com,$61.13,2021-11-12 13:44:20,jcb,475
476,Charlotta,Rohlfs,crohlfsd7@gizmodo.com,$57.18,2022-03-27 08:22:35,bankcard,476
477,Traci,Gofton,tgoftond8@mlb.com,$89.07,2022-05-13 11:09:46,visa,477
478,Egan,Shadbolt,eshadboltd9@mail.ru,$93.85,2022-05-31 12:55:34,jcb,478
479,Loretta,Scrimshire,lscrimshireda@prweb.com,$41.53,2022-03-19 21:26:12,jcb,479
480,Conni,Skip,cskipdb@ocn.ne.jp,$29.30,2021-09-02 20:17:10,diners-club-international,480
481,Ali,Petriello,apetriellodc@wired.com,$123.79,2022-03-20 05:02:14,jcb,481
482,Min,Bolger,mbolgerdd@cbsnews.com,$52.26,2022-04-18 12:54:36,jcb,482
483,Carmelita,Preene,cpreenede@hatena.ne.jp,$139.04,2022-07-20 04:02:28,china-unionpay,483
484,Jedd,Verrick,jverrickdf@studiopress.com,$97.85,2022-01-25 14:16:47,mastercard,484
485,Cherlyn,Harcourt,charcourtdg@utexas.edu,$114.45,2021-09-10 14:02:43,mastercard,485
486,Inesita,Westrey,iwestreydh@issuu.com,$46.63,2021-11-01 17:00:11,jcb,486
487,Penrod,McArley,pmcarleydi@spiegel.de,$114.95,2021-07-28 17:21:22,jcb,487
488,Elsie,Matyja,ematyjadj@blogtalkradio.com,$136.53,2021-11-24 17:09:52,jcb,488
489,Olag,Bodiam,obodiamdk@constantcontact.com,$76.79,2021-08-09 21:36:32,switch,489
490,Janos,Bevington,jbevingtondl@biblegateway.com,$74.55,2022-04-29 04:13:25,maestro,490
491,Sharity,MacCahee,smaccaheedm@umich.edu,$99.54,2022-06-03 18:08:43,jcb,491
492,Ree,Burney,rburneydn@sbwire.com,$25.09,2022-06-21 15:15:29,switch,492
493,Berne,Alderson,baldersondo@xinhuanet.com,$60.74,2022-01-22 01:21:05,mastercard,493
494,Lavinie,Edmondson,ledmondsondp@so-net.ne.jp,$32.35,2022-01-20 12:52:32,americanexpress,494
495,Susette,Grimsdale,sgrimsdaledq@aol.com,$142.30,2022-06-09 02:58:03,diners-club-enroute,495
496,Allyce,Voisey,avoiseydr@seesaa.net,$38.12,2022-02-16 21:53:14,mastercard,496
497,Felice,Jellyman,fjellymands@un.org,$124.13,2022-03-11 05:15:47,laser,497
498,Valentin,Hasted,vhasteddt@walmart.com,$67.75,2021-07-27 02:08:43,jcb,498
499,Frankie,Rendall,frendalldu@csmonitor.com,$145.15,2021-09-14 09:16:17,jcb,499
500,Latrena,Stiles,lstilesdv@cnet.com,$91.53,2022-01-08 20:41:02,china-unionpay,500
501,Garner,Odcroft,godcroftdw@msn.com,$127.97,2021-12-03 02:53:06,jcb,501
502,Benetta,Muncer,bmuncerdx@google.cn,$55.54,2022-02-24 18:43:38,jcb,502
503,Juliette,Houten,jhoutendy@tiny.cc,$135.38,2022-05-23 23:51:51,jcb,503
504,Verge,Mattheis,vmattheisdz@ucsd.edu,$78.27,2021-12-29 07:27:21,china-unionpay,504
505,Sheff,Chiese,schiesee0@newyorker.com,$110.02,2022-06-08 20:14:04,visa-electron,505
506,Sullivan,Enderwick,senderwicke1@lulu.com,$123.88,2021-09-12 05:12:14,jcb,506
507,Vikki,Gwinnel,vgwinnele2@reference.com,$19.13,2021-08-28 23:28:54,jcb,507
508,Elizabeth,Sterman,estermane3@state.tx.us,$146.43,2022-01-12 11:21:14,switch,508
509,Natty,Chedgey,nchedgeye4@wp.com,$97.43,2021-10-18 17:07:07,jcb,509
510,Roderic,Brownjohn,rbrownjohne5@weather.com,$76.27,2021-08-01 10:52:32,bankcard,510
511,Ynes,Moseby,ymosebye6@xrea.com,$94.65,2022-04-04 19:57:12,switch,511
512,May,Ritchings,mritchingse7@livejournal.com,$50.85,2021-08-31 13:34:52,jcb,512
513,Ardene,Lauthian,alauthiane8@blogspot.com,$50.47,2021-07-28 17:55:23,jcb,513
514,Elsie,Gyngyll,egyngylle9@newyorker.com,$147.37,2021-09-03 15:49:56,diners-club-enroute,514
515,Seana,Winterton,swintertonea@bigcartel.com,$94.74,2022-05-11 08:29:14,jcb,515
516,Iolande,Brunn,ibrunneb@princeton.edu,$95.87,2021-12-14 01:59:04,solo,516
517,Carine,Pesak,cpesakec@elegantthemes.com,$130.92,2022-07-04 03:44:14,bankcard,517
518,Martynne,Leyton,mleytoned@stanford.edu,$41.49,2021-09-07 18:44:52,visa-electron,518
519,Vaclav,Andrat,vandratee@adobe.com,$141.81,2022-04-22 12:17:50,americanexpress,519
520,Krysta,Matyasik,kmatyasikef@infoseek.co.jp,$104.07,2022-06-10 15:10:25,maestro,520
521,Burl,Di Giacomo,bdigiacomoeg@google.pl,$49.23,2022-07-19 23:27:55,solo,521
522,Anderson,Carnelley,acarnelleyeh@blinklist.com,$42.85,2021-09-12 03:53:09,jcb,522
523,Marne,Salmond,msalmondei@macromedia.com,$40.74,2021-09-30 08:30:46,jcb,523
524,Nikoletta,Lassetter,nlassetterej@miibeian.gov.cn,$63.98,2021-11-22 12:28:31,switch,524
525,Morgan,Kedwell,mkedwellek@soup.io,$23.29,2021-11-17 17:41:36,visa,525
526,Wallis,Scourge,wscourgeel@alexa.com,$61.83,2022-01-09 06:40:43,maestro,526
527,Paolo,Heinert,pheinertem@instagram.com,$86.85,2021-09-09 04:10:35,americanexpress,527
528,Guglielma,Vassay,gvassayen@buzzfeed.com,$114.04,2022-04-24 15:00:20,jcb,528
529,Reyna,Vaan,rvaaneo@globo.com,$122.96,2022-03-05 20:59:17,mastercard,529
530,Bernhard,Andersson,banderssonep@usatoday.com,$57.07,2021-10-22 15:53:56,jcb,530
531,Luca,Cassar,lcassareq@youtube.com,$40.85,2021-09-28 01:55:45,jcb,531
532,Ransom,Minichillo,rminichilloer@imgur.com,$149.30,2021-09-25 23:44:27,switch,532
533,Marge,Willerton,mwillertones@cam.ac.uk,$66.20,2022-02-23 05:53:22,maestro,533
534,Codi,Zanicchelli,czanicchelliet@mlb.com,$24.61,2022-01-16 01:33:16,laser,534
535,Kirsti,Hymor,khymoreu@skype.com,$114.45,2022-06-07 12:38:59,mastercard,535
536,Silvain,Richarz,sricharzev@japanpost.jp,$88.13,2021-12-10 22:09:16,jcb,536
537,Jaymie,Pavlitschek,jpavlitschekew@sourceforge.net,$120.18,2022-05-18 16:19:47,jcb,537
538,Sandro,Widdowfield,swiddowfieldex@cocolog-nifty.com,$84.17,2022-06-29 06:50:23,bankcard,538
539,Crichton,Witcherley,cwitcherleyey@indiatimes.com,$30.32,2021-08-07 17:32:17,jcb,539
540,Tobias,Harnetty,tharnettyez@gravatar.com,$66.09,2022-07-03 13:28:25,jcb,540
541,Reece,Cridge,rcridgef0@shinystat.com,$112.92,2022-04-24 12:40:38,mastercard,541
542,Ariella,Velden,aveldenf1@360.cn,$133.90,2022-01-10 01:47:15,instapayment,542
543,Lukas,Kidwell,lkidwellf2@utexas.edu,$47.63,2022-02-19 09:15:21,mastercard,543
544,Pepita,Kelsow,pkelsowf3@uiuc.edu,$56.56,2021-11-11 21:56:17,visa-electron,544
545,Des,Andreini,dandreinif4@imageshack.us,$71.99,2022-04-11 10:53:06,jcb,545
546,Dionis,Lanchberry,dlanchberryf5@123-reg.co.uk,$46.38,2022-02-14 12:48:26,visa,546
547,Malorie,Mellodey,mmellodeyf6@wikia.com,$81.02,2022-01-22 21:26:51,switch,547
548,Brandais,Latan,blatanf7@walmart.com,$72.51,2022-03-04 01:42:21,diners-club-international,548
549,Vernen,Crocombe,vcrocombef8@freewebs.com,$106.19,2021-11-09 17:59:11,jcb,549
550,Jackqueline,Matthew,jmatthewf9@arizona.edu,$95.04,2022-02-11 11:00:15,americanexpress,550
551,Liliane,Raigatt,lraigattfa@cbslocal.com,$17.65,2021-09-28 20:35:06,mastercard,551
552,Gaylord,Klagge,gklaggefb@paypal.com,$82.05,2021-07-28 07:44:25,jcb,552
553,Nelli,Pamment,npammentfc@google.com.hk,$137.78,2022-03-05 19:45:08,jcb,553
554,Essie,McAree,emcareefd@washingtonpost.com,$149.49,2022-03-05 21:36:03,switch,554
555,Rosene,Corre,rcorrefe@ask.com,$38.80,2022-07-25 04:14:39,jcb,555
556,Nance,Fiddler,nfiddlerff@dagondesign.com,$94.59,2021-08-21 18:06:46,switch,556
557,Parker,Bevens,pbevensfg@wp.com,$45.17,2021-10-13 13:58:34,jcb,557
558,Sly,Dadswell,sdadswellfh@ucoz.com,$69.15,2021-08-14 21:12:13,maestro,558
559,Caddric,Magovern,cmagovernfi@time.com,$61.95,2021-09-07 09:13:48,diners-club-enroute,559
560,Randy,Doche,rdochefj@icio.us,$115.46,2022-04-13 01:12:25,jcb,560
561,Guillaume,Klain,gklainfk@reverbnation.com,$89.44,2021-09-08 06:47:41,mastercard,561
562,Darrin,Endle,dendlefl@nydailynews.com,$65.70,2021-11-30 19:58:57,mastercard,562
563,Margarethe,Watkiss,mwatkissfm@ft.com,$78.63,2022-06-25 23:05:17,visa,563
564,Elsi,Scoles,escolesfn@time.com,$64.29,2021-09-07 17:51:26,maestro,564
565,Kalvin,Sola,ksolafo@php.net,$94.81,2022-01-30 05:50:39,instapayment,565
566,Meghann,Panichelli,mpanichellifp@ucoz.ru,$126.15,2021-11-06 12:36:31,jcb,566
567,Bamby,Logsdale,blogsdalefq@marriott.com,$100.50,2021-08-22 01:43:26,laser,567
568,Alfons,Warcop,awarcopfr@dailymotion.com,$92.13,2022-01-20 21:34:16,visa-electron,568
569,Tarrah,Riseborough,triseboroughfs@t.co,$99.39,2022-05-27 04:13:16,jcb,569
570,Kerrill,Rosario,krosarioft@apple.com,$41.56,2021-08-21 11:53:32,visa,570
571,Agna,Sagg,asaggfu@joomla.org,$128.41,2022-04-15 12:06:03,jcb,571
572,Benn,La Vigne,blavignefv@artisteer.com,$115.69,2021-08-08 03:15:26,jcb,572
573,Charisse,Haggarth,chaggarthfw@pen.io,$60.62,2021-12-11 09:34:00,visa-electron,573
574,Mary,Antwis,mantwisfx@smh.com.au,$98.38,2022-04-14 13:52:16,jcb,574
575,Georgeanna,Graser,ggraserfy@blogtalkradio.com,$136.53,2022-05-18 10:59:59,jcb,575
576,Gussy,Kydd,gkyddfz@virginia.edu,$143.43,2022-06-04 01:47:09,mastercard,576
577,Benjie,Proffitt,bproffittg0@prweb.com,$96.81,2021-09-24 19:21:12,americanexpress,577
578,Ferd,Salthouse,fsalthouseg1@smh.com.au,$86.77,2022-04-06 09:25:14,diners-club-carte-blanche,578
579,Oran,Perks,operksg2@opera.com,$70.31,2021-09-11 19:20:16,jcb,579
580,Delano,Forcer,dforcerg3@tinypic.com,$34.88,2022-06-30 02:16:18,laser,580
581,Gerda,Lyal,glyalg4@redcross.org,$89.56,2022-03-07 16:06:16,jcb,581
582,Bartholemy,Boleyn,bboleyng5@jigsy.com,$124.16,2022-03-05 17:55:19,maestro,582
583,Germain,Martynka,gmartynkag6@slashdot.org,$131.60,2021-12-22 03:00:23,diners-club-carte-blanche,583
584,Joaquin,Easum,jeasumg7@xing.com,$142.42,2022-05-24 05:01:06,maestro,584
585,Olag,Roskrug,oroskrugg8@ucoz.com,$49.30,2021-11-08 21:29:27,jcb,585
586,Rosa,Doyley,rdoyleyg9@yahoo.com,$56.10,2022-06-21 19:26:15,jcb,586
587,Caterina,Hurche,churchega@hugedomains.com,$99.11,2021-10-06 17:42:12,jcb,587
588,Evan,Rentelll,erentelllgb@umn.edu,$34.08,2021-11-12 04:40:35,jcb,588
589,Dionne,Niese,dniesegc@bigcartel.com,$82.45,2022-03-03 19:35:05,jcb,589
590,Shaun,Tinn,stinngd@nih.gov,$131.46,2021-11-01 03:01:13,jcb,590
591,Benji,Lytell,blytellge@chicagotribune.com,$60.03,2021-10-11 05:13:09,jcb,591
592,Quintana,Crimin,qcrimingf@deviantart.com,$31.32,2022-05-16 15:19:21,maestro,592
593,Clemmy,Ellington,cellingtongg@linkedin.com,$125.19,2021-10-07 03:57:00,jcb,593
594,Ellwood,Pattesall,epattesallgh@businessweek.com,$76.89,2022-05-20 14:32:35,jcb,594
595,Larry,Tuffs,ltuffsgi@unc.edu,$122.65,2022-05-08 04:08:12,diners-club-enroute,595
596,Catherina,Maclean,cmacleangj@china.com.cn,$119.04,2022-04-19 04:52:28,diners-club-carte-blanche,596
597,Vergil,Pietersen,vpietersengk@loc.gov,$69.79,2021-09-21 03:38:45,jcb,597
598,Jordana,Armytage,jarmytagegl@miitbeian.gov.cn,$131.12,2022-03-28 11:28:55,jcb,598
599,Chancey,Durram,cdurramgm@cnn.com,$48.87,2021-10-27 18:12:29,diners-club-enroute,599
600,Hardy,Peggs,hpeggsgn@uol.com.br,$115.53,2021-09-15 03:16:38,americanexpress,600
601,Maxine,Hampe,mhampego@networksolutions.com,$57.58,2021-09-27 21:41:26,china-unionpay,601
602,Dav,Bakster,dbakstergp@sfgate.com,$61.40,2022-06-29 07:50:23,jcb,602
603,Barnard,Jean,bjeangq@joomla.org,$144.85,2021-10-31 21:21:38,bankcard,603
604,Heindrick,Hillyatt,hhillyattgr@ted.com,$81.33,2021-12-03 20:18:31,bankcard,604
605,Annetta,Thys,athysgs@theatlantic.com,$82.87,2021-09-07 09:36:45,mastercard,605
606,Gard,Yerrington,gyerringtongt@mysql.com,$99.10,2022-07-20 21:52:20,jcb,606
607,Darwin,Skehens,dskehensgu@liveinternet.ru,$37.89,2021-07-28 20:54:21,jcb,607
608,Leigh,Goldsmith,lgoldsmithgv@marriott.com,$53.06,2022-02-23 02:07:57,americanexpress,608
609,Vlad,Nuttall,vnuttallgw@amazon.co.uk,$18.18,2022-01-26 16:30:30,jcb,609
610,Wileen,Kennally,wkennallygx@squidoo.com,$146.21,2022-01-11 08:08:34,diners-club-enroute,610
611,Amelia,Whitebrook,awhitebrookgy@livejournal.com,$18.32,2022-03-19 06:19:10,americanexpress,611
612,Samantha,Spini,sspinigz@dropbox.com,$40.83,2022-01-06 18:39:40,maestro,612
613,Ernest,Huxham,ehuxhamh0@nih.gov,$126.46,2021-08-22 17:19:59,mastercard,613
614,Donella,Roylance,droylanceh1@vimeo.com,$110.07,2021-12-03 04:01:44,jcb,614
615,Ruben,McLaren,rmclarenh2@webnode.com,$46.84,2021-12-13 23:55:16,switch,615
616,Conney,Huzzey,chuzzeyh3@unicef.org,$108.56,2022-07-17 22:48:17,diners-club-enroute,616
617,Wanids,Tisor,wtisorh4@mail.ru,$43.41,2022-06-16 16:52:40,jcb,617
618,Guillemette,Easum,geasumh5@earthlink.net,$23.34,2022-01-12 14:43:58,visa-electron,618
619,Bat,Silversmidt,bsilversmidth6@bloomberg.com,$65.58,2022-01-12 05:47:12,jcb,619
620,Alayne,Lamport,alamporth7@wp.com,$101.42,2021-09-07 07:12:47,maestro,620
621,Francois,Ianittello,fianittelloh8@quantcast.com,$148.35,2021-09-01 23:22:45,diners-club-carte-blanche,621
622,Alfie,Pontain,apontainh9@msn.com,$53.41,2021-11-11 01:53:45,mastercard,622
623,Laurie,Budge,lbudgeha@nationalgeographic.com,$46.89,2022-05-22 21:44:04,mastercard,623
624,Avis,Buxton,abuxtonhb@blinklist.com,$44.29,2021-10-12 21:54:32,jcb,624
625,Davide,Haggarty,dhaggartyhc@irs.gov,$108.89,2021-12-03 02:23:11,jcb,625
626,Francis,Fido,ffidohd@comcast.net,$134.30,2021-08-01 16:09:04,solo,626
627,Laina,Boatswain,lboatswainhe@mayoclinic.com,$121.32,2022-05-11 10:26:48,jcb,627
628,Jasper,Digges,jdiggeshf@delicious.com,$112.56,2021-12-09 02:29:17,jcb,628
629,Shae,O'Fallowne,sofallownehg@dot.gov,$40.10,2021-11-21 20:52:44,china-unionpay,629
630,Karen,Hatley,khatleyhh@plala.or.jp,$52.60,2022-03-15 00:10:35,mastercard,630
631,Emmeline,Phillipps,ephillippshi@vinaora.com,$149.82,2022-02-13 08:29:47,laser,631
632,Bria,Oxborrow,boxborrowhj@intel.com,$41.58,2021-09-24 11:52:11,bankcard,632
633,Britte,Gulc,bgulchk@baidu.com,$145.74,2022-01-29 09:58:05,china-unionpay,633
634,Isacco,Fitt,ifitthl@bloglovin.com,$108.74,2022-07-04 13:28:45,mastercard,634
635,Michelle,Iohananof,miohananofhm@latimes.com,$56.42,2022-01-09 06:51:23,jcb,635
636,Fanchon,Lazell,flazellhn@deviantart.com,$116.74,2021-10-05 09:36:46,jcb,636
637,Murdoch,Slimming,mslimmingho@usgs.gov,$64.03,2022-03-21 19:22:23,visa-electron,637
638,Byram,Leverette,bleverettehp@issuu.com,$106.77,2022-02-19 01:53:16,maestro,638
639,Maximo,Maunders,mmaundershq@indiatimes.com,$56.48,2022-05-13 06:16:57,diners-club-us-ca,639
640,Eudora,Crandon,ecrandonhr@sciencedirect.com,$64.14,2022-01-18 03:06:19,americanexpress,640
641,Roseanna,O'Dunniom,rodunniomhs@unc.edu,$42.20,2021-09-11 22:23:55,diners-club-carte-blanche,641
642,Veronica,Busfield,vbusfieldht@loc.gov,$127.05,2021-08-11 03:56:26,jcb,642
643,Domenico,Birrel,dbirrelhu@bbb.org,$111.89,2021-09-30 14:04:44,jcb,643
644,Imojean,Forsard,iforsardhv@people.com.cn,$105.49,2021-08-28 11:52:29,laser,644
645,Britta,Riddoch,briddochhw@vimeo.com,$15.23,2022-01-29 03:58:18,jcb,645
646,Lucais,McAlinion,lmcalinionhx@boston.com,$80.68,2022-07-20 22:26:06,diners-club-carte-blanche,646
647,Shurlock,Barniss,sbarnisshy@hubpages.com,$33.77,2022-01-16 17:24:25,visa-electron,647
648,Rafaela,Sponer,rsponerhz@google.com,$21.55,2021-09-10 13:14:51,jcb,648
649,Gretal,Crimmins,gcrimminsi0@guardian.co.uk,$83.07,2022-02-16 12:59:25,solo,649
650,Siana,Toogood,stoogoodi1@wikimedia.org,$106.81,2022-03-06 07:22:38,diners-club-enroute,650
651,Belia,Wallman,bwallmani2@soup.io,$41.04,2021-08-02 15:46:03,jcb,651
652,Otha,Matthias,omatthiasi3@oakley.com,$102.42,2021-12-31 09:14:13,jcb,652
653,Nickolaus,Malarkey,nmalarkeyi4@cnn.com,$27.23,2022-02-12 21:59:12,visa,653
654,Granthem,Ick,gicki5@ezinearticles.com,$21.41,2022-01-01 09:59:06,jcb,654
655,Giraud,Grigorkin,ggrigorkini6@w3.org,$62.19,2021-10-06 22:13:41,switch,655
656,Abram,Faiers,afaiersi7@symantec.com,$65.44,2021-10-09 16:53:45,jcb,656
657,Der,Lerohan,dlerohani8@nbcnews.com,$50.98,2021-08-17 10:35:54,visa,657
658,Felicia,Rylstone,frylstonei9@china.com.cn,$20.73,2022-01-28 14:20:54,americanexpress,658
659,Winny,Burrill,wburrillia@bloglines.com,$95.90,2022-02-03 06:08:20,diners-club-enroute,659
660,Roland,Telega,rtelegaib@yale.edu,$65.52,2021-08-18 19:16:00,solo,660
661,Caria,Clampett,cclampettic@nbcnews.com,$138.60,2021-10-23 08:49:56,jcb,661
662,Oswald,Sperrett,osperrettid@1688.com,$21.50,2022-05-27 19:17:30,jcb,662
663,Arne,Grimsey,agrimseyie@cornell.edu,$29.57,2021-12-10 20:40:40,jcb,663
664,Rayshell,Willes,rwillesif@lycos.com,$66.11,2021-09-25 18:31:22,jcb,664
665,Lane,Quantick,lquantickig@epa.gov,$57.36,2021-09-12 21:02:46,diners-club-enroute,665
666,Hilliard,Ambroz,hambrozih@wunderground.com,$115.84,2021-11-23 21:18:59,jcb,666
667,Hector,Tibols,htibolsii@fotki.com,$101.42,2022-01-10 21:56:43,laser,667
668,Dela,Woodstock,dwoodstockij@ebay.com,$23.55,2021-10-25 06:07:23,switch,668
669,Archy,Coolican,acoolicanik@nps.gov,$141.03,2021-08-24 01:39:28,jcb,669
670,Emily,Tonks,etonksil@oracle.com,$25.07,2022-03-06 06:30:43,instapayment,670
671,Filip,Zielinski,fzielinskiim@oakley.com,$97.92,2022-05-05 21:00:02,jcb,671
672,Deana,Orto,dortoin@vimeo.com,$49.58,2022-07-08 08:15:45,jcb,672
673,Rosina,Reicherz,rreicherzio@goodreads.com,$79.54,2021-12-22 12:38:38,jcb,673
674,Benedicta,Worboys,bworboysip@amazon.co.jp,$125.71,2021-08-20 09:12:37,jcb,674
675,Burg,Toten,btoteniq@springer.com,$24.63,2021-10-12 13:38:07,switch,675
676,Jobey,Binding,jbindingir@google.com.au,$39.34,2021-10-09 18:13:18,diners-club-carte-blanche,676
677,Ashla,Ericssen,aericssenis@shareasale.com,$57.13,2022-05-30 06:32:10,diners-club-enroute,677
678,Irina,Mullen,imullenit@icq.com,$40.88,2022-04-18 08:34:01,jcb,678
679,Ravid,Ugoni,rugoniiu@elpais.com,$111.32,2021-09-29 11:26:36,diners-club-carte-blanche,679
680,Althea,Hamblington,ahamblingtoniv@smh.com.au,$100.76,2022-02-18 00:55:02,visa-electron,680
681,Glen,Backe,gbackeiw@nytimes.com,$127.55,2021-12-16 09:47:51,mastercard,681
682,Lucais,Manderson,lmandersonix@sogou.com,$37.61,2022-07-05 01:04:42,visa-electron,682
683,Grace,Zold,gzoldiy@t-online.de,$149.82,2022-06-24 12:14:24,maestro,683
684,Chrotoem,Livingston,clivingstoniz@answers.com,$147.23,2022-04-10 22:00:55,mastercard,684
685,Ludvig,Terzi,lterzij0@technorati.com,$64.09,2022-02-08 14:43:34,maestro,685
686,Mariann,Maharey,mmahareyj1@bandcamp.com,$91.50,2022-06-07 09:00:40,diners-club-enroute,686
687,Boony,Erett,berettj2@parallels.com,$39.15,2021-07-27 07:09:48,diners-club-carte-blanche,687
688,Menard,Burtwell,mburtwellj3@wunderground.com,$118.27,2022-05-03 18:08:59,americanexpress,688
689,Minda,Dowley,mdowleyj4@jiathis.com,$137.43,2022-06-23 11:56:19,diners-club-enroute,689
690,Anthia,Kurt,akurtj5@kickstarter.com,$43.92,2022-04-20 12:13:41,laser,690
691,Carrol,Dorro,cdorroj6@squidoo.com,$25.75,2022-04-02 00:39:16,mastercard,691
692,Nelia,Asals,nasalsj7@ibm.com,$39.89,2021-10-06 04:47:22,jcb,692
693,Briney,Kuhlen,bkuhlenj8@unblog.fr,$120.92,2021-09-02 07:44:57,visa-electron,693
694,Sammy,Tuckley,stuckleyj9@mayoclinic.com,$82.74,2022-07-06 10:48:12,jcb,694
695,Gaelan,Dast,gdastja@ca.gov,$109.76,2022-01-05 16:00:48,maestro,695
696,Franky,Zettler,fzettlerjb@nyu.edu,$122.28,2021-10-12 14:33:20,jcb,696
697,Hilde,Foldes,hfoldesjc@google.co.uk,$120.54,2022-04-29 16:27:20,mastercard,697
698,Skipton,Littlefield,slittlefieldjd@cnet.com,$112.99,2021-11-20 09:35:46,maestro,698
699,Kirsteni,McTerry,kmcterryje@mtv.com,$120.59,2022-06-12 15:41:01,diners-club-carte-blanche,699
700,Winfred,Walshaw,wwalshawjf@cyberchimps.com,$105.12,2021-10-16 12:36:58,diners-club-enroute,700
701,Gaby,Issitt,gissittjg@phoca.cz,$27.23,2021-11-27 18:32:23,jcb,701
702,Oby,Glencross,oglencrossjh@baidu.com,$67.43,2021-08-05 04:56:49,visa,702
703,Rosamond,Busson,rbussonji@squarespace.com,$109.05,2021-12-09 01:22:40,americanexpress,703
704,Jourdain,Silcox,jsilcoxjj@moonfruit.com,$145.82,2022-03-22 12:37:39,bankcard,704
705,Taddeo,Peskin,tpeskinjk@163.com,$138.18,2022-04-21 12:06:23,solo,705
706,Aloisia,Killelay,akillelayjl@about.me,$100.84,2022-04-09 19:31:47,switch,706
707,Cristiano,Powe,cpowejm@dropbox.com,$130.13,2021-12-22 05:54:40,laser,707
708,Hazlett,Labroue,hlabrouejn@si.edu,$25.72,2021-11-24 23:35:57,china-unionpay,708
709,Zonda,Priscott,zpriscottjo@deviantart.com,$60.53,2021-08-22 18:34:23,bankcard,709
710,Tallie,Archley,tarchleyjp@si.edu,$35.23,2021-09-12 23:17:59,mastercard,710
711,Sheilakathryn,Soal,ssoaljq@engadget.com,$53.17,2021-11-30 19:39:15,bankcard,711
712,Kip,Mundle,kmundlejr@sohu.com,$121.57,2021-12-03 11:57:34,bankcard,712
713,Sancho,Delagnes,sdelagnesjs@livejournal.com,$87.71,2021-10-29 08:22:05,jcb,713
714,Pamella,Segges,pseggesjt@seattletimes.com,$64.43,2021-08-21 07:46:02,jcb,714
715,Akim,Fawlks,afawlksju@ucoz.com,$47.80,2022-04-10 21:10:27,diners-club-enroute,715
716,Shela,Toffalo,stoffalojv@samsung.com,$46.78,2022-04-16 15:15:01,maestro,716
717,Silvana,Hartup,shartupjw@yandex.ru,$57.16,2022-03-27 19:27:19,jcb,717
718,Marysa,Cleall,mclealljx@mapy.cz,$104.24,2022-03-04 00:40:48,visa,718
719,Riannon,Bednall,rbednalljy@census.gov,$15.33,2022-07-25 14:31:35,jcb,719
720,Ollie,Stanlake,ostanlakejz@google.co.jp,$113.93,2021-11-18 02:39:00,china-unionpay,720
721,Elsi,Faltskog,efaltskogk0@nymag.com,$138.53,2022-02-03 21:59:36,jcb,721
722,Nealy,Bullant,nbullantk1@mozilla.com,$75.44,2021-10-07 02:33:49,jcb,722
723,Beck,McPhelimey,bmcphelimeyk2@imdb.com,$82.76,2021-10-30 20:33:09,jcb,723
724,Bernice,Burdell,bburdellk3@nature.com,$69.21,2021-12-08 13:55:13,jcb,724
725,Sawyere,Gillespie,sgillespiek4@github.io,$45.45,2021-12-21 18:53:02,switch,725
726,Sybila,Sabattier,ssabattierk5@bloglovin.com,$128.14,2022-07-09 06:26:30,jcb,726
727,Pembroke,McGaughey,pmcgaugheyk6@zdnet.com,$35.73,2021-09-17 00:24:55,jcb,727
728,Jephthah,Plunkett,jplunkettk7@walmart.com,$68.25,2022-07-01 00:45:30,jcb,728
729,Noel,Gueinn,ngueinnk8@cbc.ca,$118.19,2022-02-25 12:49:00,americanexpress,729
730,Vannie,Pockey,vpockeyk9@rambler.ru,$47.70,2022-05-24 10:46:11,jcb,730
731,Viki,Duinbleton,vduinbletonka@netvibes.com,$68.96,2022-01-24 07:36:42,maestro,731
732,Rorke,Fitzpatrick,rfitzpatrickkb@chron.com,$75.11,2022-06-24 14:43:41,americanexpress,732
733,Jinny,Ginity,jginitykc@google.com.br,$149.62,2021-11-22 23:40:12,switch,733
734,Abbott,Hamberstone,ahamberstonekd@amazon.com,$113.53,2022-03-14 14:14:14,diners-club-carte-blanche,734
735,Fletch,Debill,fdebillke@virginia.edu,$141.50,2022-07-18 17:35:35,jcb,735
736,Ole,Hodgins,ohodginskf@dmoz.org,$134.51,2022-03-04 14:22:25,jcb,736
737,Claudina,Bonnick,cbonnickkg@wunderground.com,$143.36,2021-12-26 02:59:07,jcb,737
738,Honey,Senett,hsenettkh@apache.org,$55.05,2022-06-11 09:34:50,jcb,738
739,Angus,Skuse,askuseki@timesonline.co.uk,$98.59,2022-07-22 22:41:02,maestro,739
740,Nanine,Alyutin,nalyutinkj@mtv.com,$19.73,2021-09-24 07:48:47,maestro,740
741,Horten,Mc Caghan,hmccaghankk@hostgator.com,$38.54,2021-10-18 19:02:51,jcb,741
742,Ag,Hallbord,ahallbordkl@cargocollective.com,$39.34,2022-04-07 01:00:43,americanexpress,742
743,Hertha,Jancso,hjancsokm@senate.gov,$63.76,2022-03-07 16:29:13,switch,743
744,Katuscha,Cail,kcailkn@ameblo.jp,$120.82,2022-07-25 08:50:45,mastercard,744
745,Basia,Pittendreigh,bpittendreighko@intel.com,$124.02,2022-06-11 19:10:16,jcb,745
746,Eddi,Edyson,eedysonkp@ucoz.ru,$53.86,2021-10-24 11:02:14,visa-electron,746
747,Hermon,Antonsson,hantonssonkq@redcross.org,$84.76,2022-03-21 22:41:32,americanexpress,747
748,Cybil,Ravilus,craviluskr@digg.com,$44.32,2021-10-28 02:13:47,diners-club-carte-blanche,748
749,Sophronia,Burchill,sburchillks@123-reg.co.uk,$28.95,2022-07-21 19:48:42,diners-club-carte-blanche,749
750,Sonnnie,Roggieri,sroggierikt@accuweather.com,$113.18,2022-02-25 12:41:53,jcb,750
751,Billy,Le Marchant,blemarchantku@wisc.edu,$127.07,2021-11-26 10:57:50,jcb,751
752,Odella,Gooke,ogookekv@columbia.edu,$73.43,2021-09-14 18:06:39,jcb,752
753,Rianon,Whisker,rwhiskerkw@google.cn,$30.68,2022-03-06 04:42:24,instapayment,753
754,Adda,Finey,afineykx@cafepress.com,$94.53,2022-02-07 09:58:18,maestro,754
755,Evangelina,McGreal,emcgrealky@usgs.gov,$128.72,2022-01-24 22:29:24,maestro,755
756,Preston,Aspell,paspellkz@umich.edu,$135.02,2022-06-08 19:43:49,solo,756
757,Stevy,Varian,svarianl0@php.net,$83.03,2021-09-11 23:48:19,china-unionpay,757
758,Fiona,Radbone,fradbonel1@yolasite.com,$29.59,2022-03-30 17:09:36,bankcard,758
759,Faye,Munton,fmuntonl2@google.fr,$70.51,2022-06-18 19:13:04,diners-club-enroute,759
760,Berty,Kohen,bkohenl3@liveinternet.ru,$142.23,2022-06-12 06:39:39,visa,760
761,Ernst,Gaskarth,egaskarthl4@blog.com,$100.10,2021-08-02 06:24:17,jcb,761
762,Sheila-kathryn,Lamasna,slamasnal5@taobao.com,$92.33,2021-08-26 03:36:11,switch,762
763,Val,Sprull,vsprulll6@twitpic.com,$143.05,2021-10-23 14:41:37,visa-electron,763
764,Merry,Teers,mteersl7@wix.com,$41.11,2021-12-14 21:22:39,americanexpress,764
765,Mayer,Spens,mspensl8@businesswire.com,$17.94,2022-03-25 13:13:23,jcb,765
766,Britteny,Batman,bbatmanl9@histats.com,$82.16,2022-01-24 14:11:32,mastercard,766
767,Holly,Pickford,hpickfordla@naver.com,$43.85,2022-05-09 14:13:49,jcb,767
768,Lyssa,Mordie,lmordielb@sfgate.com,$141.81,2022-04-04 03:55:47,china-unionpay,768
769,Angele,Bartoletti,abartolettilc@fema.gov,$35.17,2021-10-14 14:42:16,americanexpress,769
770,Lucas,Heditch,lheditchld@tmall.com,$27.08,2022-01-07 07:37:57,jcb,770
771,Harriet,Sellwood,hsellwoodle@hibu.com,$107.53,2022-01-13 14:10:18,diners-club-enroute,771
772,Spenser,Stroban,sstrobanlf@uol.com.br,$41.96,2021-12-25 11:39:51,visa-electron,772
773,Abba,Cornbill,acornbilllg@marriott.com,$121.64,2022-02-01 05:36:02,visa,773
774,Roxie,Aylen,raylenlh@naver.com,$36.49,2022-04-24 23:33:14,diners-club-us-ca,774
775,Carlin,Skelhorn,cskelhornli@vistaprint.com,$79.89,2022-06-06 04:46:30,jcb,775
776,Sula,Davoren,sdavorenlj@photobucket.com,$102.43,2021-09-20 03:35:23,jcb,776
777,Galina,Kaes,gkaeslk@discovery.com,$64.49,2021-10-09 11:49:55,diners-club-carte-blanche,777
778,Rycca,Godfray,rgodfrayll@msn.com,$48.25,2021-11-07 00:51:56,jcb,778
779,Penrod,Kneaphsey,pkneaphseylm@linkedin.com,$77.66,2021-12-06 03:54:24,jcb,779
780,Matt,Maddaford,mmaddafordln@webnode.com,$40.78,2022-01-28 05:57:04,bankcard,780
781,Jody,Stammer,jstammerlo@biglobe.ne.jp,$119.97,2022-02-05 02:07:52,maestro,781
782,Glynis,Panchin,gpanchinlp@gov.uk,$122.17,2022-04-24 03:05:03,solo,782
783,Timi,Twitchett,ttwitchettlq@godaddy.com,$15.12,2022-02-07 15:08:57,visa-electron,783
784,Adele,Standon,astandonlr@163.com,$18.94,2021-10-28 13:39:42,maestro,784
785,Brice,Arminger,barmingerls@berkeley.edu,$66.73,2022-04-01 05:54:31,bankcard,785
786,Godfree,Copins,gcopinslt@wisc.edu,$41.13,2022-05-29 18:26:38,jcb,786
787,Fremont,Johnsee,fjohnseelu@npr.org,$91.91,2022-07-04 02:50:53,switch,787
788,Blondell,O'Carney,bocarneylv@dell.com,$49.69,2022-03-19 14:48:45,jcb,788
789,Theo,Mitchell,tmitchelllw@upenn.edu,$104.57,2022-06-13 20:54:23,americanexpress,789
790,Hershel,Kennet,hkennetlx@telegraph.co.uk,$126.83,2022-06-13 02:32:18,switch,790
791,Zachariah,Tinklin,ztinklinly@google.it,$117.92,2021-10-06 19:39:36,switch,791
792,Clemmie,Gabbat,cgabbatlz@shinystat.com,$102.52,2021-10-19 00:23:30,maestro,792
793,Vinny,Durek,vdurekm0@ebay.co.uk,$92.39,2022-06-10 23:02:05,jcb,793
794,Saraann,Fice,sficem1@google.com.br,$40.35,2022-03-22 13:38:42,mastercard,794
795,Shay,Mohun,smohunm2@theglobeandmail.com,$101.83,2021-09-03 21:30:45,americanexpress,795
796,Carlos,Ginnally,cginnallym3@360.cn,$56.27,2021-11-22 22:57:08,jcb,796
797,Lottie,Iscowitz,liscowitzm4@liveinternet.ru,$123.25,2022-02-17 16:54:53,visa-electron,797
798,Harwell,Rubinowitch,hrubinowitchm5@blogspot.com,$94.89,2022-03-03 04:12:38,jcb,798
799,Jennie,Haine,jhainem6@cnbc.com,$110.39,2022-07-10 13:03:41,jcb,799
800,Nicky,Dmitrovic,ndmitrovicm7@unblog.fr,$22.05,2022-04-12 22:42:30,bankcard,800
801,Nessy,Cawthron,ncawthronm8@tuttocitta.it,$112.70,2022-06-15 21:09:05,americanexpress,801
802,Andy,Ourry,aourrym9@angelfire.com,$87.30,2022-02-12 19:15:49,bankcard,802
803,Nobe,Toyer,ntoyerma@simplemachines.org,$140.22,2022-01-24 15:42:29,visa,803
804,Marysa,Rosenberg,mrosenbergmb@domainmarket.com,$86.88,2021-08-11 10:14:39,laser,804
805,Jacinthe,Grayshan,jgrayshanmc@cmu.edu,$74.21,2021-12-02 14:51:47,bankcard,805
806,Andromache,Blouet,ablouetmd@sphinn.com,$22.08,2021-10-22 06:39:36,diners-club-carte-blanche,806
807,Shani,Snoxill,ssnoxillme@un.org,$91.07,2022-05-22 19:36:37,americanexpress,807
808,Fletch,Lindop,flindopmf@over-blog.com,$81.72,2021-10-17 07:06:24,maestro,808
809,Brinn,Tohill,btohillmg@cam.ac.uk,$125.39,2021-12-26 04:45:29,china-unionpay,809
810,Hube,Kilshaw,hkilshawmh@gravatar.com,$108.10,2022-06-03 07:59:17,diners-club-carte-blanche,810
811,Aretha,enzley,aenzleymi@ehow.com,$54.08,2021-11-23 04:52:08,maestro,811
812,Kent,Jurczak,kjurczakmj@sbwire.com,$73.17,2021-12-02 01:33:24,switch,812
813,Felicdad,Zelley,fzelleymk@sina.com.cn,$77.50,2021-09-30 10:47:37,visa,813
814,Rosemary,Brimblecomb,rbrimblecombml@blogger.com,$49.99,2021-07-30 16:50:49,jcb,814
815,Allx,Bosman,abosmanmm@yandex.ru,$31.48,2022-06-23 22:03:18,switch,815
816,Lorelle,Burkwood,lburkwoodmn@soundcloud.com,$31.91,2021-12-31 04:02:04,diners-club-enroute,816
817,Fifi,Wackley,fwackleymo@ted.com,$42.05,2022-03-13 07:36:07,jcb,817
818,Marni,Damiata,mdamiatamp@cbc.ca,$55.52,2022-03-15 10:18:43,visa-electron,818
819,Nona,McGookin,nmcgookinmq@state.tx.us,$78.23,2022-02-13 15:59:35,jcb,819
820,Binky,Paterson,bpatersonmr@hud.gov,$22.74,2021-12-20 13:05:15,maestro,820
821,Melodie,Maasze,mmaaszems@indiegogo.com,$135.44,2022-04-13 08:06:26,americanexpress,821
822,Carmon,Posner,cposnermt@senate.gov,$130.22,2022-07-08 09:58:50,jcb,822
823,Melissa,Greenhalf,mgreenhalfmu@i2i.jp,$95.75,2022-02-12 14:52:45,jcb,823
824,Corny,Sigart,csigartmv@mail.ru,$47.33,2022-07-23 11:50:41,jcb,824
825,Courtenay,O'Sesnane,cosesnanemw@plala.or.jp,$87.29,2022-04-16 21:41:37,jcb,825
826,Tasha,Jeppensen,tjeppensenmx@tinypic.com,$41.98,2022-06-24 00:02:20,americanexpress,826
827,Cass,Waldera,cwalderamy@so-net.ne.jp,$109.75,2022-06-15 09:32:59,jcb,827
828,Hoyt,Robelin,hrobelinmz@wordpress.org,$138.17,2021-09-16 08:08:31,visa-electron,828
829,Masha,Kindleysides,mkindleysidesn0@slideshare.net,$146.90,2021-12-06 22:42:02,laser,829
830,Livvyy,Stoner,lstonern1@bloomberg.com,$54.27,2021-11-05 06:01:20,jcb,830
831,Risa,Triner,rtrinern2@cbslocal.com,$120.67,2022-02-23 10:50:32,mastercard,831
832,Maggi,Salle,msallen3@illinois.edu,$131.44,2021-10-14 22:20:49,diners-club-carte-blanche,832
833,Evelyn,Newing,enewingn4@odnoklassniki.ru,$88.10,2021-09-22 14:23:38,china-unionpay,833
834,Towney,Scandroot,tscandrootn5@boston.com,$20.64,2022-04-08 16:34:08,americanexpress,834
835,Anet,Rudiger,arudigern6@icio.us,$102.01,2021-10-13 22:15:08,china-unionpay,835
836,Vance,Kobel,vkobeln7@discuz.net,$44.27,2022-04-16 22:03:29,jcb,836
837,Currie,Marmon,cmarmonn8@ustream.tv,$31.94,2021-11-12 03:51:01,switch,837
838,Velvet,Endacott,vendacottn9@macromedia.com,$56.50,2021-10-08 18:41:02,switch,838
839,Lurlene,Audritt,laudrittna@hostgator.com,$106.15,2021-09-27 11:14:15,americanexpress,839
840,Merrili,Olenchikov,molenchikovnb@dailymotion.com,$142.09,2021-12-03 04:00:42,jcb,840
841,Damien,Mannock,dmannocknc@umn.edu,$127.33,2021-09-12 15:33:58,jcb,841
842,Jay,Flude,jfludend@drupal.org,$41.54,2021-11-05 15:37:24,visa-electron,842
843,Cyrillus,Bereford,cberefordne@nationalgeographic.com,$122.70,2022-06-30 11:15:55,diners-club-carte-blanche,843
844,Pearline,Leehane,pleehanenf@walmart.com,$86.29,2021-08-07 20:04:52,jcb,844
845,Margaretha,Detheridge,mdetheridgeng@mozilla.com,$124.45,2021-11-26 10:43:07,maestro,845
846,Gherardo,Renad,grenadnh@skype.com,$102.27,2022-03-10 05:39:32,jcb,846
847,Percy,Reihm,preihmni@cbsnews.com,$119.36,2022-06-05 08:38:15,laser,847
848,Sean,Raffin,sraffinnj@uiuc.edu,$36.64,2021-11-18 07:39:01,jcb,848
849,Lenna,Mallaby,lmallabynk@webeden.co.uk,$29.07,2021-08-25 07:16:35,switch,849
850,Karia,Chawkley,kchawkleynl@hubpages.com,$115.71,2021-12-27 20:19:50,visa-electron,850
851,Morty,Lehrahan,mlehrahannm@deliciousdays.com,$103.76,2022-03-18 18:08:11,jcb,851
852,Tuckie,Trazzi,ttrazzinn@census.gov,$23.09,2021-08-12 17:02:13,china-unionpay,852
853,Brander,Greathead,bgreatheadno@meetup.com,$149.57,2021-11-27 11:19:58,maestro,853
854,Montague,Giovannetti,mgiovannettinp@home.pl,$49.29,2021-10-19 16:07:49,maestro,854
855,Moritz,Proppers,mproppersnq@gmpg.org,$117.91,2021-09-02 01:28:13,switch,855
856,Dedra,Issacof,dissacofnr@youtube.com,$129.56,2022-04-11 03:47:49,jcb,856
857,Marieann,Raffeorty,mraffeortyns@tamu.edu,$36.29,2022-03-07 11:55:38,mastercard,857
858,Jere,Steenson,jsteensonnt@dmoz.org,$53.92,2021-11-27 05:58:04,diners-club-enroute,858
859,Sybil,Collishaw,scollishawnu@guardian.co.uk,$34.21,2022-02-02 02:41:18,jcb,859
860,Ninnetta,Strognell,nstrognellnv@wp.com,$80.31,2022-02-15 03:38:29,switch,860
861,Kissiah,Andrzejczak,kandrzejczaknw@histats.com,$17.73,2022-05-25 13:52:11,jcb,861
862,Reuven,Cordingley,rcordingleynx@ning.com,$68.51,2022-05-25 20:24:37,mastercard,862
863,Dick,Sangra,dsangrany@imgur.com,$26.38,2021-10-14 01:55:08,diners-club-carte-blanche,863
864,Terry,Hawse,thawsenz@livejournal.com,$61.52,2022-07-13 07:34:48,bankcard,864
865,Tony,Athelstan,tathelstano0@altervista.org,$86.41,2021-08-03 22:18:33,diners-club-carte-blanche,865
866,Tiebold,Jira,tjirao1@sphinn.com,$109.32,2022-02-14 12:45:31,jcb,866
867,Jeniffer,Shalcras,jshalcraso2@dailymail.co.uk,$92.00,2022-07-10 03:37:04,jcb,867
868,Rorie,Dhillon,rdhillono3@rediff.com,$106.02,2022-03-24 13:04:20,jcb,868
869,Turner,Eberz,teberzo4@about.me,$84.63,2022-05-14 12:40:19,jcb,869
870,Mariya,Pratton,mprattono5@freewebs.com,$129.63,2021-09-03 23:13:03,jcb,870
871,Jessie,Lawleff,jlawleffo6@acquirethisname.com,$103.83,2022-05-06 13:50:23,visa-electron,871
872,Devi,Chamberlaine,dchamberlaineo7@uiuc.edu,$46.09,2022-04-08 01:08:42,jcb,872
873,David,Partleton,dpartletono8@illinois.edu,$41.82,2022-01-20 05:54:50,jcb,873
874,Brit,Duplain,bduplaino9@state.gov,$64.76,2022-07-13 11:04:17,jcb,874
875,Vere,Wakely,vwakelyoa@globo.com,$121.19,2022-03-20 05:29:36,diners-club-enroute,875
876,Tracee,Robilart,trobilartob@trellian.com,$115.77,2022-07-17 01:01:17,maestro,876
877,Madlin,Chadwick,mchadwickoc@artisteer.com,$27.62,2022-04-13 02:19:33,jcb,877
878,Kessia,Morrant,kmorrantod@nifty.com,$86.07,2022-01-18 05:25:42,americanexpress,878
879,Siegfried,Noton,snotonoe@php.net,$52.90,2022-01-12 21:01:58,jcb,879
880,Katalin,Dimelow,kdimelowof@istockphoto.com,$95.28,2022-07-05 11:57:50,mastercard,880
881,Bettina,Elden,beldenog@barnesandnoble.com,$136.68,2022-07-07 16:37:36,maestro,881
882,Nalani,MacCrackan,nmaccrackanoh@paypal.com,$110.36,2021-10-03 17:09:47,jcb,882
883,Onida,Heaney`,oheaneyoi@sakura.ne.jp,$103.01,2021-11-05 18:49:50,laser,883
884,Bambie,Scryne,bscryneoj@usda.gov,$36.70,2022-02-26 18:29:07,solo,884
885,Karylin,Gwatkins,kgwatkinsok@google.ru,$46.12,2021-10-07 12:21:47,china-unionpay,885
886,Wilmar,Casement,wcasementol@nature.com,$136.94,2022-03-18 11:32:04,switch,886
887,Vin,Crothers,vcrothersom@yellowpages.com,$74.26,2021-11-29 09:21:51,maestro,887
888,Rayshell,Kleisel,rkleiselon@toplist.cz,$83.19,2021-09-20 13:43:42,jcb,888
889,Halette,Wall,hwalloo@bizjournals.com,$61.40,2022-03-29 11:36:52,mastercard,889
890,Anthiathia,Gabitis,agabitisop@google.ca,$114.52,2022-01-15 15:30:16,china-unionpay,890
891,Rice,Cino,rcinooq@baidu.com,$101.91,2022-07-15 00:10:55,china-unionpay,891
892,Edeline,Yegorshin,eyegorshinor@123-reg.co.uk,$51.81,2022-03-03 22:51:52,jcb,892
893,Kendra,Minall,kminallos@marriott.com,$100.87,2022-01-15 10:40:35,mastercard,893
894,Stephanie,Liddard,sliddardot@phpbb.com,$21.53,2022-03-21 11:19:13,bankcard,894
895,Flossie,Carlick,fcarlickou@godaddy.com,$93.66,2021-12-13 01:39:04,laser,895
896,Finley,Aleswell,faleswellov@ow.ly,$51.05,2022-01-20 04:24:22,mastercard,896
897,Berny,Risdall,brisdallow@nba.com,$143.65,2022-05-25 00:45:06,americanexpress,897
898,Marchelle,Romer,mromerox@ocn.ne.jp,$89.67,2022-06-04 06:07:25,jcb,898
899,Suzanna,Salmons,ssalmonsoy@goodreads.com,$118.91,2021-09-03 20:38:12,jcb,899
900,Renelle,Anstie,ranstieoz@slate.com,$82.73,2021-11-14 09:58:57,mastercard,900
901,Stephanie,Cawte,scawtep0@soundcloud.com,$93.08,2022-01-27 03:02:45,mastercard,901
902,Saloma,Peckitt,speckittp1@timesonline.co.uk,$33.72,2021-11-22 12:14:09,jcb,902
903,Idalia,Marchington,imarchingtonp2@artisteer.com,$78.94,2022-07-14 14:56:15,jcb,903
904,Connor,Winnister,cwinnisterp3@ft.com,$123.02,2022-01-14 19:16:22,jcb,904
905,Gardy,Tilling,gtillingp4@bandcamp.com,$130.34,2021-08-27 17:49:41,mastercard,905
906,Allie,Pennington,apenningtonp5@sogou.com,$46.70,2021-08-08 15:14:35,china-unionpay,906
907,Heriberto,Pietrzyk,hpietrzykp6@shareasale.com,$29.95,2021-11-19 21:53:21,jcb,907
908,Sheila-kathryn,Timmermann,stimmermannp7@bravesites.com,$18.82,2021-08-03 17:48:58,visa,908
909,Denny,Boycott,dboycottp8@hexun.com,$105.99,2022-06-18 07:19:04,jcb,909
910,Leon,Ullock,lullockp9@weibo.com,$116.89,2021-09-26 23:17:39,jcb,910
911,Nataline,O'Mailey,nomaileypa@shutterfly.com,$42.10,2021-12-06 09:12:09,mastercard,911
912,Rebbecca,Castanaga,rcastanagapb@globo.com,$141.06,2021-11-02 21:00:15,jcb,912
913,Concettina,Radford,cradfordpc@washingtonpost.com,$69.41,2021-12-05 15:09:53,visa-electron,913
914,Grethel,Laughton,glaughtonpd@bravesites.com,$55.52,2021-08-23 22:07:23,jcb,914
915,Elle,Blaw,eblawpe@chicagotribune.com,$143.72,2021-11-11 20:39:28,diners-club-enroute,915
916,Karina,Sare,ksarepf@acquirethisname.com,$83.41,2021-09-05 16:15:10,diners-club-carte-blanche,916
917,Cherianne,Pecha,cpechapg@jugem.jp,$15.41,2022-02-23 14:31:46,mastercard,917
918,Gilbertine,Goody,ggoodyph@comcast.net,$136.68,2021-10-26 08:16:00,visa-electron,918
919,Philly,Mailes,pmailespi@bigcartel.com,$103.50,2021-09-25 19:14:38,instapayment,919
920,Noelle,Juschka,njuschkapj@sbwire.com,$30.63,2022-01-10 20:21:48,visa-electron,920
921,Maje,Crummey,mcrummeypk@ehow.com,$21.58,2021-09-26 20:29:01,china-unionpay,921
922,Helsa,Klimkovich,hklimkovichpl@google.com.hk,$43.50,2022-02-23 13:51:12,jcb,922
923,Matty,Wayman,mwaymanpm@youtu.be,$21.69,2022-07-10 08:09:36,jcb,923
924,Standford,Pidon,spidonpn@earthlink.net,$35.27,2022-04-03 12:16:36,china-unionpay,924
925,Christophorus,Riggert,criggertpo@army.mil,$27.67,2022-03-04 08:23:24,instapayment,925
926,Gray,Culpin,gculpinpp@chronoengine.com,$93.78,2021-12-11 01:59:38,diners-club-us-ca,926
927,Abraham,Ritch,aritchpq@nhs.uk,$82.45,2021-10-11 18:12:40,jcb,927
928,Gwendolen,Ensor,gensorpr@harvard.edu,$44.45,2021-08-21 13:12:50,switch,928
929,Zandra,Van den Hof,zvandenhofps@pbs.org,$140.35,2022-01-24 07:04:15,jcb,929
930,Felicio,Charlick,fcharlickpt@noaa.gov,$50.64,2021-10-05 18:14:06,mastercard,930
931,Leola,Beynke,lbeynkepu@xinhuanet.com,$50.41,2022-01-06 10:28:43,maestro,931
932,Rafaello,Cobelli,rcobellipv@blogtalkradio.com,$34.23,2021-10-24 03:03:12,diners-club-international,932
933,Agatha,Inchboard,ainchboardpw@diigo.com,$55.44,2022-03-09 21:38:55,switch,933
934,Margi,Canero,mcaneropx@seesaa.net,$81.01,2022-02-20 20:50:25,jcb,934
935,Audre,Heeron,aheeronpy@cisco.com,$145.65,2021-12-28 23:35:22,jcb,935
936,Lanny,Zecchini,lzecchinipz@gov.uk,$47.29,2022-06-19 05:16:27,jcb,936
937,Dorris,McClenan,dmcclenanq0@sciencedaily.com,$60.67,2022-06-07 17:55:41,visa,937
938,Dalton,Fawley,dfawleyq1@tmall.com,$119.56,2022-01-01 17:08:13,diners-club-enroute,938
939,Fair,Fessions,ffessionsq2@businesswire.com,$101.27,2022-04-11 20:25:23,jcb,939
940,Millicent,Cornilleau,mcornilleauq3@ed.gov,$65.55,2022-04-15 04:09:52,jcb,940
941,Petronille,Hassard,phassardq4@scientificamerican.com,$16.54,2021-10-02 09:35:22,jcb,941
942,Charlean,Critten,ccrittenq5@tripadvisor.com,$24.75,2022-07-15 22:13:04,jcb,942
943,Dunc,Lukas,dlukasq6@csmonitor.com,$133.35,2022-03-16 21:40:35,mastercard,943
944,Viviana,Crosskill,vcrosskillq7@discovery.com,$79.39,2022-07-09 17:15:55,jcb,944
945,Mame,Ebbins,mebbinsq8@deviantart.com,$101.99,2022-04-24 02:22:18,visa-electron,945
946,Madalena,Devonport,mdevonportq9@npr.org,$118.18,2021-10-23 16:01:21,jcb,946
947,Siward,Luttger,sluttgerqa@jalbum.net,$55.33,2021-09-18 06:29:13,jcb,947
948,Anthe,Batson,abatsonqb@domainmarket.com,$95.55,2022-05-13 13:20:18,switch,948
949,Bambi,Lawn,blawnqc@acquirethisname.com,$53.16,2021-11-05 16:23:35,americanexpress,949
950,Hedy,Folbige,hfolbigeqd@go.com,$148.03,2021-09-13 13:07:47,jcb,950
951,Temple,Poytheras,tpoytherasqe@newyorker.com,$35.44,2021-09-25 21:11:22,maestro,951
952,Etheline,Primo,eprimoqf@amazon.de,$88.78,2022-07-08 19:40:35,jcb,952
953,Bernhard,Tiron,btironqg@bizjournals.com,$84.90,2022-01-04 20:51:16,mastercard,953
954,Remus,MacNeil,rmacneilqh@wix.com,$138.90,2022-02-21 03:27:08,jcb,954
955,Winni,Gaskoin,wgaskoinqi@imageshack.us,$113.39,2022-05-06 09:26:12,maestro,955
956,Scotty,McGraw,smcgrawqj@baidu.com,$44.46,2022-06-27 20:51:06,jcb,956
957,Lizabeth,Ziehm,lziehmqk@icio.us,$114.08,2021-12-17 12:56:35,jcb,957
958,Auroora,Connell,aconnellql@biglobe.ne.jp,$81.98,2021-08-01 17:42:39,bankcard,958
959,Letta,Shuttell,lshuttellqm@ftc.gov,$135.06,2022-02-11 20:25:17,jcb,959
960,Brenn,Blue,bblueqn@rambler.ru,$96.89,2022-06-09 13:03:10,bankcard,960
961,Carolus,Curr,ccurrqo@kickstarter.com,$56.25,2022-03-20 21:46:21,jcb,961
962,Elliot,Golbourn,egolbournqp@apache.org,$97.95,2022-06-17 09:08:44,maestro,962
963,Charis,de Glanville,cdeglanvilleqq@twitter.com,$29.35,2021-08-08 12:54:46,mastercard,963
964,Lyell,Cornwell,lcornwellqr@meetup.com,$19.34,2021-09-29 12:42:43,jcb,964
965,Brok,Grevile,bgrevileqs@a8.net,$28.81,2022-04-04 04:27:39,diners-club-enroute,965
966,Valida,O' Timony,votimonyqt@google.com.br,$90.37,2021-11-22 05:42:46,jcb,966
967,Gale,Fryman,gfrymanqu@reuters.com,$90.59,2021-11-10 16:22:46,americanexpress,967
968,Melody,Vala,mvalaqv@merriam-webster.com,$113.46,2021-07-31 01:04:18,china-unionpay,968
969,Cassey,Coughan,ccoughanqw@cam.ac.uk,$46.14,2021-08-19 11:48:57,jcb,969
970,Gal,Alden,galdenqx@123-reg.co.uk,$79.44,2022-05-14 09:41:21,visa-electron,970
971,Kattie,Peschet,kpeschetqy@mapy.cz,$65.60,2021-11-16 19:00:32,instapayment,971
972,Eugenius,Jiroutek,ejiroutekqz@discovery.com,$123.66,2021-08-10 18:09:01,laser,972
973,Mareah,McArt,mmcartr0@last.fm,$20.73,2022-03-08 04:46:50,americanexpress,973
974,Lucas,Ailsbury,lailsburyr1@canalblog.com,$95.43,2022-02-14 18:48:51,bankcard,974
975,Kala,Manus,kmanusr2@toplist.cz,$17.05,2021-08-16 01:18:18,switch,975
976,Haleigh,Sutton,hsuttonr3@unesco.org,$59.84,2022-01-12 07:32:48,visa-electron,976
977,Ric,Beekmann,rbeekmannr4@huffingtonpost.com,$121.35,2022-05-10 19:57:48,jcb,977
978,Lyndsay,Yarranton,lyarrantonr5@ihg.com,$29.20,2022-03-05 13:01:29,visa-electron,978
979,Constantina,McNeilley,cmcneilleyr6@dell.com,$44.71,2021-10-09 00:34:32,mastercard,979
980,Alan,Grinyakin,agrinyakinr7@about.com,$89.54,2022-03-06 19:33:20,jcb,980
981,Ronica,Kernley,rkernleyr8@goodreads.com,$54.43,2021-12-27 04:50:25,diners-club-enroute,981
982,Harris,Jarvis,hjarvisr9@huffingtonpost.com,$80.63,2022-07-10 19:47:39,switch,982
983,Thea,Buske,tbuskera@paypal.com,$86.40,2021-08-30 09:01:07,jcb,983
984,Kippie,Paskell,kpaskellrb@mediafire.com,$90.70,2021-12-19 20:57:42,maestro,984
985,Christie,Pavia,cpaviarc@posterous.com,$87.05,2022-06-14 20:41:01,jcb,985
986,Bret,Dominguez,bdominguezrd@skyrock.com,$72.24,2021-11-10 10:47:09,jcb,986
987,Lem,Parrin,lparrinre@smugmug.com,$61.60,2021-09-06 11:41:20,jcb,987
988,Mychal,McCuish,mmccuishrf@marketwatch.com,$115.39,2022-07-05 12:06:14,bankcard,988
989,Fraser,Sallter,fsallterrg@whitehouse.gov,$144.52,2022-03-28 06:31:21,jcb,989
990,Isidora,Hamal,ihamalrh@businessinsider.com,$47.36,2022-01-05 06:02:52,instapayment,990
991,Barris,Yurikov,byurikovri@angelfire.com,$26.69,2022-06-09 23:14:29,jcb,991
992,Scottie,Gerardeaux,sgerardeauxrj@sciencedaily.com,$71.73,2022-01-09 23:33:11,maestro,992
993,Timmy,Dwane,tdwanerk@europa.eu,$37.15,2021-11-16 02:32:11,jcb,993
994,Artie,Haffard,ahaffardrl@paginegialle.it,$88.94,2022-02-12 19:02:45,diners-club-enroute,994
995,Loreen,Hanrott,lhanrottrm@ibm.com,$43.21,2022-07-07 01:36:26,mastercard,995
996,Sabrina,Linbohm,slinbohmrn@yahoo.com,$111.53,2022-06-04 15:34:56,laser,996
997,Paddy,Crummey,pcrummeyro@1688.com,$110.58,2021-07-29 22:10:38,jcb,997
998,Carrissa,Bootyman,cbootymanrp@trellian.com,$29.16,2022-05-29 22:30:32,maestro,998
999,Breanne,Massie,bmassierq@businessinsider.com,$52.05,2022-02-13 15:58:59,americanexpress,999
1000,Morna,Meneur,mmeneurrr@sourceforge.net,$128.37,2021-08-21 05:57:30,americanexpress,1000
